# File produced by Open Asset Import Library (http://www.assimp.sf.net)
# (assimp v5.2.0)

# 1147 vertex positions
v  0.0439999588 0.000704094942 -0.0324923284
v  0.0439999588 0 -0.0324999616
v  0 0 -0.0324999616
v  0 -0.000704094942 -0.0324923284
v  0 0.0223501902 -0.0235948507
v  0.0439999588 0.0213071108 -0.0245408397
v  0 0.0213071108 -0.0245408397
v  0.0439999588 0.0202240292 -0.0254408102
v  0 0.0202240292 -0.0254408102
v  0.0439999588 0.0191029906 -0.02629303
v  0 0.0191029906 -0.02629303
v  0.0439999588 0.0179460607 -0.0270958506
v  0 0.0179460607 -0.0270958506
v  0.0439999588 0.0167554598 -0.0278478209
v  0 0.0167554598 -0.0278478209
v  0.0439999588 0.0155333802 -0.0285475198
v  0 0.0155333802 -0.0285475198
v  0.0439999588 0.0142821604 -0.0291936304
v  0 0.0142821604 -0.0291936304
v  0.0439999588 0.0130041204 -0.0297849104
v  0 0.0130041204 -0.0297849104
v  0.0439999588 0.0117017003 -0.0303202793
v  0 0.0117017003 -0.0303202793
v  0.0439999588 0.0103772804 -0.0307987295
v  0 0.0103772804 -0.0307987295
v  0.0439999588 0.00903338101 -0.0312192999
v  0 0.00903338101 -0.0312192999
v  0.0439999588 0.00767248822 -0.0315813385
v  0 0.00767248822 -0.0315813385
v  0.0439999588 0.00629722979 -0.0318840705
v  0 0.00629722979 -0.0318840705
v  0.0439999588 0.00491017103 -0.0321268998
v  0 0.00491017103 -0.0321268998
v  0.0439999588 0.00351381302 -0.0323094688
v  0 0.00351381302 -0.0323094688
v  0.0439999588 0.0021109581 -0.0324313603
v  0 0.0021109581 -0.0324313603
v  0 0.000704094942 -0.0324923284
v  0.0439999588 -0.000704094942 -0.0324923284
v  0.0439999588 -0.0021109581 -0.0324313603
v  0 -0.0021109581 -0.0324313603
v  0.0439999588 -0.00351381302 -0.0323094688
v  0 -0.00351381302 -0.0323094688
v  0.0439999588 -0.00491017103 -0.0321268998
v  0 -0.00491017103 -0.0321268998
v  0.0439999588 -0.00629722979 -0.0318840705
v  0 -0.00629722979 -0.0318840705
v  0.0439999588 -0.00767248822 -0.0315813385
v  0 -0.00767248822 -0.0315813385
v  0.0439999588 -0.00903338101 -0.0312192999
v  0 -0.00903338101 -0.0312192999
v  0.0439999588 -0.0103772804 -0.0307987295
v  0 -0.0103772804 -0.0307987295
v  0.0439999588 -0.0117017003 -0.0303202793
v  0 -0.0117017003 -0.0303202793
v  0.0439999588 -0.0130041204 -0.0297849104
v  0 -0.0130041204 -0.0297849104
v  0.0439999588 -0.0142821604 -0.0291936304
v  0 -0.0142821604 -0.0291936304
v  0.0439999588 -0.0155333802 -0.0285475198
v  0 -0.0155333802 -0.0285475198
v  0.0439999588 -0.0167554598 -0.0278478209
v  0 -0.0167554598 -0.0278478209
v  0.0439999588 -0.0179460607 -0.0270958506
v  0 -0.0179460607 -0.0270958506
v  0.0439999588 -0.0191029906 -0.02629303
v  0 -0.0191029906 -0.02629303
v  0.0439999588 -0.0202240292 -0.0254408102
v  0 -0.0202240292 -0.0254408102
v  0.0439999588 -0.0213071108 -0.0245408397
v  0 -0.0213071108 -0.0245408397
v  0.0439999588 -0.0223501902 -0.0235948507
v  0 -0.0223501902 -0.0235948507
v  0.0439999588 -0.0233513098 -0.0226045195
v  0 -0.0233513098 -0.0226045195
v  0.0439999588 -0.02430862 -0.0215717498
v  0 -0.02430862 -0.0215717498
v  0.0439999588 -0.0252202693 -0.0204984508
v  0 -0.0252202693 -0.0204984508
v  0.0439999588 -0.0260845404 -0.0193866994
v  0 -0.0260845404 -0.0193866994
v  0.0439999588 -0.0268998705 -0.0182385407
v  0 -0.0268998705 -0.0182385407
v  0.0439999588 -0.0276646595 -0.0170561597
v  0 -0.0276646595 -0.0170561597
v  0.0439999588 -0.0283775907 -0.0158417802
v  0 -0.0283775907 -0.0158417802
v  0.0439999588 -0.0290371701 -0.0145975901
v  0 -0.0290371701 -0.0145975901
v  0.0439999588 -0.0296422802 -0.0133260395
v  0 -0.0296422802 -0.0133260395
v  0.0439999588 -0.0301917102 -0.0120294597
v  0 -0.0301917102 -0.0120294597
v  0.0439999588 -0.0306844693 -0.0107102897
v  0 -0.0306844693 -0.0107102897
v  0.0439999588 -0.0311196409 -0.00937104225
v  0 -0.0311196409 -0.00937104225
v  0.0439999588 -0.0314963385 -0.00801414158
v  0 -0.0314963385 -0.00801414158
v  0.0439999588 -0.0318139717 -0.00664228201
v  0 -0.0318139717 -0.00664228201
v  0.0439999588 -0.0320718214 -0.00525790406
v  0 -0.0320718214 -0.00525790406
v  0.0439999588 -0.0322694704 -0.00386363198
v  0 -0.0322694704 -0.00386363198
v  0.0439999588 -0.0324065611 -0.00246214797
v  0 -0.0324065611 -0.00246214797
v  0.0439999588 -0.0324827991 -0.00105601503
v  0 -0.0324827991 -0.00105601503
v  0.0439999588 -0.0324980617 0.000352067989
v  0 -0.0324980617 0.000352067989
v  0.0439999588 -0.0324522816 0.00175946904
v  0 -0.0324522816 0.00175946904
v  0.0439999588 -0.0323456489 0.00316363503
v  0 -0.0323456489 0.00316363503
v  0.0439999588 -0.0321782194 0.00456184102
v  0 -0.0321782194 0.00456184102
v  0.0439999588 -0.0319504105 0.00595146418
v  0 -0.0319504105 0.00595146418
v  0.0439999588 -0.0316625796 0.00732993986
v  0 -0.0316625796 0.00732993986
v  0.0439999588 -0.0313153192 0.00869464781
v  0 -0.0313153192 0.00869464781
v  0.0439999588 -0.0309092905 0.0100430204
v  0 -0.0309092905 0.0100430204
v  0.0439999588 -0.0304452106 0.0113725597
v  0 -0.0304452106 0.0113725597
v  0.0439999588 -0.0299240295 0.0126807
v  0 -0.0299240295 0.0126807
v  0.0439999588 -0.0293466393 0.0139650702
v  0 -0.0293466393 0.0139650702
v  0.0439999588 -0.0287141204 0.01522326
v  0 -0.0287141204 0.01522326
v  0.0439999588 -0.0280277096 0.0164528396
v  0 -0.0280277096 0.0164528396
v  0.0439999588 -0.0272886697 0.0176514909
v  0 -0.0272886697 0.0176514909
v  0.0439999588 -0.0264984295 0.0188170597
v  0 -0.0264984295 0.0188170597
v  0.0439999588 -0.0256584194 0.0199472904
v  0 -0.0256584194 0.0199472904
v  0.0439999588 -0.0247702505 0.0210400205
v  0 -0.0247702505 0.0210400205
v  0.0439999588 -0.0238355305 0.0220932905
v  0 -0.0238355305 0.0220932905
v  0.0439999588 -0.0228561107 0.0231050793
v  0 -0.0228561107 0.0231050793
v  0.0439999588 -0.02183377 0.0240734797
v  0 -0.02183377 0.0240734797
v  0.0439999588 -0.0207704902 0.0249966905
v  0 -0.0207704902 0.0249966905
v  0.0439999588 -0.01966816 0.0258729998
v  0 -0.01966816 0.0258729998
v  0.0439999588 -0.0185288694 0.0267007295
v  0 -0.0185288694 0.0267007295
v  0.0439999588 -0.0173548404 0.0274782702
v  0 -0.0173548404 0.0274782702
v  0.0439999588 -0.0161482003 0.02820432
v  0 -0.0161482003 0.02820432
v  0.0439999588 -0.0149112903 0.0288773105
v  0 -0.0149112903 0.0288773105
v  0.0439999588 -0.0136463596 0.0294961892
v  0 -0.0136463596 0.0294961892
v  0.0439999588 -0.0123557998 0.0300596301
v  0 -0.0123557998 0.0300596301
v  0.0439999588 -0.0110420501 0.0305666309
v  0 -0.0110420501 0.0305666309
v  0.0439999588 -0.00970757008 0.0310162902
v  0 -0.00970757008 0.0310162902
v  0.0439999588 -0.00835490227 0.0314077102
v  0 -0.00835490227 0.0314077102
v  0.0439999588 -0.0069864979 0.0317401215
v  0 -0.0069864979 0.0317401215
v  0.0439999588 -0.00560498191 0.0320129916
v  0 -0.00560498191 0.0320129916
v  0.0439999588 -0.00421297504 0.0322257206
v  0 -0.00421297504 0.0322257206
v  0.0439999588 -0.00281304098 0.0323780105
v  0 -0.00281304098 0.0323780105
v  0.0439999588 -0.00140780199 0.0324694514
v  0 -0.00140780199 0.0324694514
v  0.0439999588 0 0.0324999616
v  0 0 0.0324999616
v  0.0439999588 0.00140780199 0.0324694514
v  0 0.00140780199 0.0324694514
v  0.0439999588 0.00281304098 0.0323780105
v  0 0.00281304098 0.0323780105
v  0.0439999588 0.00421297504 0.0322257206
v  0 0.00421297504 0.0322257206
v  0.0439999588 0.00560498191 0.0320129916
v  0 0.00560498191 0.0320129916
v  0.0439999588 0.0069864979 0.0317401215
v  0 0.0069864979 0.0317401215
v  0.0439999588 0.00835490227 0.0314077102
v  0 0.00835490227 0.0314077102
v  0.0439999588 0.00970757008 0.0310162902
v  0 0.00970757008 0.0310162902
v  0.0439999588 0.0110420501 0.0305666309
v  0 0.0110420501 0.0305666309
v  0.0439999588 0.0123557998 0.0300596301
v  0 0.0123557998 0.0300596301
v  0.0439999588 0.0136463596 0.0294961892
v  0 0.0136463596 0.0294961892
v  0.0439999588 0.0149112903 0.0288773105
v  0 0.0149112903 0.0288773105
v  0.0439999588 0.0161482003 0.02820432
v  0 0.0161482003 0.02820432
v  0.0439999588 0.0173548404 0.0274782702
v  0 0.0173548404 0.0274782702
v  0.0439999588 0.0185288694 0.0267007295
v  0 0.0185288694 0.0267007295
v  0.0439999588 0.01966816 0.0258729998
v  0 0.01966816 0.0258729998
v  0.0439999588 0.0207704902 0.0249966905
v  0 0.0207704902 0.0249966905
v  0.0439999588 0.02183377 0.0240734797
v  0 0.02183377 0.0240734797
v  0.0439999588 0.0228561107 0.0231050793
v  0 0.0228561107 0.0231050793
v  0.0439999588 0.0238355305 0.0220932905
v  0 0.0238355305 0.0220932905
v  0.0439999588 0.0247702505 0.0210400205
v  0 0.0247702505 0.0210400205
v  0.0439999588 0.0256584194 0.0199472904
v  0 0.0256584194 0.0199472904
v  0.0439999588 0.0264984295 0.0188170597
v  0 0.0264984295 0.0188170597
v  0.0439999588 0.0272886697 0.0176514909
v  0 0.0272886697 0.0176514909
v  0.0439999588 0.0280277096 0.0164528396
v  0 0.0280277096 0.0164528396
v  0.0439999588 0.0287141204 0.01522326
v  0 0.0287141204 0.01522326
v  0.0439999588 0.0293466393 0.0139650702
v  0 0.0293466393 0.0139650702
v  0.0439999588 0.0299240295 0.0126807
v  0 0.0299240295 0.0126807
v  0.0439999588 0.0304452106 0.0113725597
v  0 0.0304452106 0.0113725597
v  0.0439999588 0.0309092905 0.0100430204
v  0 0.0309092905 0.0100430204
v  0.0439999588 0.0313153192 0.00869464781
v  0 0.0313153192 0.00869464781
v  0.0439999588 0.0316625796 0.00732993986
v  0 0.0316625796 0.00732993986
v  0.0439999588 0.0319504105 0.00595146418
v  0 0.0319504105 0.00595146418
v  0.0439999588 0.0321782194 0.00456184102
v  0 0.0321782194 0.00456184102
v  0.0439999588 0.0323456489 0.00316363503
v  0 0.0323456489 0.00316363503
v  0.0439999588 0.0324522816 0.00175946904
v  0 0.0324522816 0.00175946904
v  0.0439999588 0.0324980617 0.000352067989
v  0 0.0324980617 0.000352067989
v  0.0439999588 0.0324827991 -0.00105601503
v  0 0.0324827991 -0.00105601503
v  0.0439999588 0.0324065611 -0.00246214797
v  0 0.0324065611 -0.00246214797
v  0.0439999588 0.0322694704 -0.00386363198
v  0 0.0322694704 -0.00386363198
v  0.0439999588 0.0320718214 -0.00525790406
v  0 0.0320718214 -0.00525790406
v  0.0439999588 0.0318139717 -0.00664228201
v  0 0.0318139717 -0.00664228201
v  0.0439999588 0.0314963385 -0.00801414158
v  0 0.0314963385 -0.00801414158
v  0.0439999588 0.0311196409 -0.00937104225
v  0 0.0311196409 -0.00937104225
v  0.0439999588 0.0306844693 -0.0107102897
v  0 0.0306844693 -0.0107102897
v  0.0439999588 0.0301917102 -0.0120294597
v  0 0.0301917102 -0.0120294597
v  0.0439999588 0.0296422802 -0.0133260395
v  0 0.0296422802 -0.0133260395
v  0.0439999588 0.0290371701 -0.0145975901
v  0 0.0290371701 -0.0145975901
v  0.0439999588 0.0283775907 -0.0158417802
v  0 0.0283775907 -0.0158417802
v  0.0439999588 0.0276646595 -0.0170561597
v  0 0.0276646595 -0.0170561597
v  0.0439999588 0.0268998705 -0.0182385407
v  0 0.0268998705 -0.0182385407
v  0.0439999588 0.0260845404 -0.0193866994
v  0 0.0260845404 -0.0193866994
v  0.0439999588 0.0252202693 -0.0204984508
v  0 0.0252202693 -0.0204984508
v  0.0439999588 0.02430862 -0.0215717498
v  0 0.02430862 -0.0215717498
v  0.0439999588 0.0233513098 -0.0226045195
v  0 0.0233513098 -0.0226045195
v  0.0439999588 0.0223501902 -0.0235948507
v  0 -0.0167433005 -0.0109389396
v  0 -0.01732051 -0.00999999046
v  0 -0.0178450309 -0.00903064013
v  0 -0.0183154307 -0.00803387072
v  0 -0.0187302195 -0.00701272395
v  0 0.00110173202 0.0199695807
v  0 0.00220012595 0.0198785607
v  0 0.00329184509 0.0197272301
v  0 0.00437361002 0.0195159297
v  0 0.00544202281 0.0192453209
v  0 -0.00220012595 0.0198785607
v  0 -0.00110173202 0.0199695807
v  0 0 0.0199999809
v  0 -0.00649398519 0.0189162996
v  0 -0.00544202281 0.0192453209
v  0 -0.00437361002 0.0195159297
v  0 -0.00329184509 0.0197272301
v  0 -0.0104734302 0.0170383397
v  0 -0.00951892138 0.0175894406
v  0 -0.00853550434 0.0180871394
v  0 -0.00752615882 0.0185298305
v  0 0.00853550434 -0.0180871394
v  0 0.00752615882 -0.0185298305
v  0 0.00649398519 -0.0189162996
v  0 0.00544202281 -0.0192453209
v  0 0.00437361002 -0.0195159297
v  0 -0.0183154307 0.00803387072
v  0 -0.0178450309 0.00903064013
v  0 -0.01732051 0.00999999046
v  0 -0.0167433005 0.0109389396
v  0 -0.0161153004 0.01184469
v  0 -0.0190880802 -0.00597023917
v  0 -0.0193879604 -0.00490969419
v  0 -0.0196289998 -0.00383418705
v  0 -0.0131350104 0.01508212
v  0 -0.01228421 0.0157827698
v  0 -0.0113961101 0.0164355002
v  0 -0.0154383099 0.01271444
v  0 -0.0147144701 0.0135456296
v  0 -0.0139459297 0.0143356305
v  0 -0.0193879604 0.00490969419
v  0 -0.0190880802 0.00597023917
v  0 -0.0187302195 0.00701272395
v  0 -0.0199924093 0.000551086967
v  0 -0.0199316703 0.00165158499
v  0 -0.0198104307 0.00274705794
v  0 -0.0196289998 0.00383418705
v  0 -0.0198104307 -0.00274705794
v  0 -0.0199316703 -0.00165158499
v  0 -0.0199924093 -0.000551086967
v  0 0.01228421 -0.0157827698
v  0 0.0113961101 -0.0164355002
v  0 0.0104734302 -0.0170383397
v  0 0.00951892138 -0.0175894406
v  0 -0.0139459297 -0.0143356305
v  0 -0.0147144701 -0.0135456296
v  0 -0.0154383099 -0.01271444
v  0 -0.0161153004 -0.01184469
v  0 -0.0113961101 -0.0164355002
v  0 -0.01228421 -0.0157827698
v  0 -0.0131350104 -0.01508212
v  0 0.0198104307 -0.00274705794
v  0 0.0196289998 -0.00383418705
v  0 0.0193879604 -0.00490969419
v  0 0.0190880802 -0.00597023917
v  0 0.0199316703 0.00165158499
v  0 0.0199924093 0.000551086967
v  0 0.0199924093 -0.000551086967
v  0 0.0199316703 -0.00165158499
v  0 0.00649398519 0.0189162996
v  0 0.00752615882 0.0185298305
v  0 0.00853550434 0.0180871394
v  0 0.00951892138 0.0175894406
v  0 -0.00752615882 -0.0185298305
v  0 -0.00853550434 -0.0180871394
v  0 -0.00951892138 -0.0175894406
v  0 -0.0104734302 -0.0170383397
v  0 0 -0.0199999809
v  0 0.00110173202 -0.0199695807
v  0 0.0147144701 -0.0135456296
v  0 0.0139459297 -0.0143356305
v  0 0.0131350104 -0.01508212
v  0 0.0190880802 0.00597023917
v  0 0.0193879604 0.00490969419
v  0 0.0196289998 0.00383418705
v  0 0.0198104307 0.00274705794
v  0 0.0178450309 0.00903064013
v  0 0.0183154307 0.00803387072
v  0 0.0187302195 0.00701272395
v  0 0.0154383099 0.01271444
v  0 0.0161153004 0.01184469
v  0 0.0167433005 0.0109389396
v  0 0.01732051 0.00999999046
v  0 -0.00110173202 -0.0199695807
v  0 -0.00220012595 -0.0198785607
v  0 -0.00329184509 -0.0197272301
v  0 0.00329184509 -0.0197272301
v  0 0.00220012595 -0.0198785607
v  0 0.01732051 -0.00999999046
v  0 0.0167433005 -0.0109389396
v  0 0.0161153004 -0.01184469
v  0 0.0154383099 -0.01271444
v  0 0.0187302195 -0.00701272395
v  0 0.0183154307 -0.00803387072
v  0 0.0178450309 -0.00903064013
v  0 0.01228421 0.0157827698
v  0 0.0131350104 0.01508212
v  0 0.0139459297 0.0143356305
v  0 0.0147144701 0.0135456296
v  0 0.0104734302 0.0170383397
v  0 0.0113961101 0.0164355002
v  0 -0.00437361002 -0.0195159297
v  0 -0.00544202281 -0.0192453209
v  0 -0.00649398519 -0.0189162996
v  -0.000299999985 0.00110173202 -0.0199695807
v  -0.000299999985 0.00220012595 -0.0198785607
v  -0.000299999985 0.00329184509 -0.0197272301
v  -0.000299999985 0.00437361002 -0.0195159297
v  -0.000299999985 0.00544202281 -0.0192453209
v  -0.000299999985 0.00649398519 -0.0189162996
v  -0.000299999985 0.00752615882 -0.0185298305
v  -0.000299999985 0.00853550434 -0.0180871394
v  -0.000299999985 0.00951892138 -0.0175894406
v  -0.000299999985 0.0104734302 -0.0170383397
v  -0.000299999985 0.0113961101 -0.0164355002
v  -0.000299999985 0.01228421 -0.0157827698
v  -0.000299999985 0.0131350104 -0.01508212
v  -0.000299999985 0.0139459297 -0.0143356305
v  -0.000299999985 0.0147144701 -0.0135456296
v  -0.000299999985 0.0154383099 -0.01271444
v  -0.000299999985 0.0161153004 -0.01184469
v  -0.000299999985 0.0167433005 -0.0109389396
v  -0.000299999985 0.01732051 -0.00999999046
v  -0.000299999985 0.0178450309 -0.00903064013
v  -0.000299999985 0.0183154307 -0.00803387072
v  -0.000299999985 0.0187302195 -0.00701272395
v  -0.000299999985 0.0190880802 -0.00597023917
v  -0.000299999985 0.0193879604 -0.00490969419
v  -0.000299999985 0.0196289998 -0.00383418705
v  -0.000299999985 0.0198104307 -0.00274705794
v  -0.000299999985 0.0199316703 -0.00165158499
v  -0.000299999985 0.0199924093 -0.000551086967
v  -0.000299999985 0.0199924093 0.000551086967
v  -0.000299999985 0.0199316703 0.00165158499
v  -0.000299999985 0.0198104307 0.00274705794
v  -0.000299999985 0.0196289998 0.00383418705
v  -0.000299999985 0.0193879604 0.00490969419
v  -0.000299999985 0.0190880802 0.00597023917
v  -0.000299999985 0.0187302195 0.00701272395
v  -0.000299999985 0.0183154307 0.00803387072
v  -0.000299999985 0.0178450309 0.00903064013
v  -0.000299999985 0.01732051 0.00999999046
v  -0.000299999985 0.0167433005 0.0109389396
v  -0.000299999985 0.0161153004 0.01184469
v  -0.000299999985 0.0154383099 0.01271444
v  -0.000299999985 0.0147144701 0.0135456296
v  -0.000299999985 0.0139459297 0.0143356305
v  -0.000299999985 0.0131350104 0.01508212
v  -0.000299999985 0.01228421 0.0157827698
v  -0.000299999985 0.0113961101 0.0164355002
v  -0.000299999985 0.0104734302 0.0170383397
v  -0.000299999985 0.00951892138 0.0175894406
v  -0.000299999985 0.00853550434 0.0180871394
v  -0.000299999985 0.00752615882 0.0185298305
v  -0.000299999985 0.00649398519 0.0189162996
v  -0.000299999985 0.00544202281 0.0192453209
v  -0.000299999985 0.00437361002 0.0195159297
v  -0.000299999985 0.00329184509 0.0197272301
v  -0.000299999985 0.00220012595 0.0198785607
v  -0.000299999985 0.00110173202 0.0199695807
v  -0.000299999985 0 0.0199999809
v  -0.000299999985 -0.00110173202 0.0199695807
v  -0.000299999985 -0.00220012595 0.0198785607
v  -0.000299999985 -0.00329184509 0.0197272301
v  -0.000299999985 -0.00437361002 0.0195159297
v  -0.000299999985 -0.00544202281 0.0192453209
v  -0.000299999985 -0.00649398519 0.0189162996
v  -0.000299999985 -0.00752615882 0.0185298305
v  -0.000299999985 -0.00853550434 0.0180871394
v  -0.000299999985 -0.00951892138 0.0175894406
v  -0.000299999985 -0.0104734302 0.0170383397
v  -0.000299999985 -0.0113961101 0.0164355002
v  -0.000299999985 -0.01228421 0.0157827698
v  -0.000299999985 -0.0131350104 0.01508212
v  -0.000299999985 -0.0139459297 0.0143356305
v  -0.000299999985 -0.0147144701 0.0135456296
v  -0.000299999985 -0.0154383099 0.01271444
v  -0.000299999985 -0.0161153004 0.01184469
v  -0.000299999985 -0.0167433005 0.0109389396
v  -0.000299999985 -0.01732051 0.00999999046
v  -0.000299999985 -0.0178450309 0.00903064013
v  -0.000299999985 -0.0183154307 0.00803387072
v  -0.000299999985 -0.0187302195 0.00701272395
v  -0.000299999985 -0.0190880802 0.00597023917
v  -0.000299999985 -0.0193879604 0.00490969419
v  -0.000299999985 -0.0196289998 0.00383418705
v  -0.000299999985 -0.0198104307 0.00274705794
v  -0.000299999985 -0.0199316703 0.00165158499
v  -0.000299999985 -0.0199924093 0.000551086967
v  -0.000299999985 -0.0199924093 -0.000551086967
v  -0.000299999985 -0.0199316703 -0.00165158499
v  -0.000299999985 -0.0198104307 -0.00274705794
v  -0.000299999985 -0.0196289998 -0.00383418705
v  -0.000299999985 -0.0193879604 -0.00490969419
v  -0.000299999985 -0.0190880802 -0.00597023917
v  -0.000299999985 -0.0187302195 -0.00701272395
v  -0.000299999985 -0.0183154307 -0.00803387072
v  -0.000299999985 -0.0178450309 -0.00903064013
v  -0.000299999985 -0.01732051 -0.00999999046
v  -0.000299999985 -0.0167433005 -0.0109389396
v  -0.000299999985 -0.0161153004 -0.01184469
v  -0.000299999985 -0.0154383099 -0.01271444
v  -0.000299999985 -0.0147144701 -0.0135456296
v  -0.000299999985 -0.0139459297 -0.0143356305
v  -0.000299999985 -0.0131350104 -0.01508212
v  -0.000299999985 -0.01228421 -0.0157827698
v  -0.000299999985 -0.0113961101 -0.0164355002
v  -0.000299999985 -0.0104734302 -0.0170383397
v  -0.000299999985 -0.00951892138 -0.0175894406
v  -0.000299999985 -0.00853550434 -0.0180871394
v  -0.000299999985 -0.00752615882 -0.0185298305
v  -0.000299999985 -0.00649398519 -0.0189162996
v  -0.000299999985 -0.00544202281 -0.0192453209
v  -0.000299999985 -0.00437361002 -0.0195159297
v  -0.000299999985 -0.00329184509 -0.0197272301
v  -0.000299999985 -0.00220012595 -0.0198785607
v  -0.000299999985 -0.00110173202 -0.0199695807
v  -0.000299999985 0 -0.0199999809
v  -0.000299999985 0 0
v  0.0439999588 0 -0.0279999897
v  0.0439999588 -0.00131237495 -0.0279691797
v  0.0439999588 0.00131237495 -0.0279691797
v  0.0439999588 0.00262194802 -0.0278769694
v  0.0439999588 0.00392568111 -0.0277234297
v  0.0439999588 0.00522082997 -0.0275089107
v  0.0439999588 0.00650453521 -0.0272339508
v  0.0439999588 0.00777387619 -0.0268991496
v  0.0439999588 0.00902616885 -0.02650523
v  0.0439999588 0.0102586104 -0.0260530096
v  0.0439999588 0.0114685204 -0.0255435109
v  0.0439999588 0.0126531702 -0.0249779206
v  0.0439999588 0.0138100302 -0.0243573692
v  0.0439999588 0.0149365598 -0.0236832406
v  0.0439999588 -0.0258053504 -0.01086652
v  0.0439999588 -0.0252676606 -0.0120641496
v  0.0439999588 -0.02467441 -0.01323527
v  0.0439999588 -0.0240269303 -0.0143772298
v  0.0439999588 -0.0233266298 -0.01548767
v  0.0439999588 -0.0225750208 -0.0165640097
v  0.0439999588 -0.0217738096 -0.0176039301
v  0.0439999588 -0.0209247395 -0.0186051708
v  0.0439999588 -0.0200296603 -0.0195655208
v  0.0439999588 -0.0190905891 -0.0204828307
v  0.0439999588 -0.01810956 -0.0213551503
v  0.0439999588 -0.0170886498 -0.0221804902
v  0.0439999588 -0.0160302501 -0.0229571406
v  0.0439999588 -0.0276237708 0.00457453681
v  0.0439999588 -0.0278078299 0.00327473809
v  0.0439999588 -0.0279307291 0.00196772791
v  0.0439999588 -0.0279923007 0.00065639196
v  0.0439999588 -0.0279923007 -0.00065639196
v  0.0439999588 -0.0279307291 -0.00196772791
v  0.0439999588 -0.0278078299 -0.00327473809
v  0.0439999588 -0.0276237708 -0.00457453681
v  0.0439999588 -0.0273789708 -0.00586432219
v  0.0439999588 -0.0270740297 -0.00714117195
v  0.0439999588 -0.0267095491 -0.00840234663
v  0.0439999588 -0.0262863599 -0.00964504387
v  0.0439999588 -0.0209247395 0.0186051708
v  0.0439999588 -0.0217738096 0.0176039301
v  0.0439999588 -0.0225750208 0.0165640097
v  0.0439999588 -0.0233266298 0.01548767
v  0.0439999588 -0.0240269303 0.0143772298
v  0.0439999588 -0.02467441 0.01323527
v  0.0439999588 -0.0252676606 0.0120641496
v  0.0439999588 -0.0258053504 0.01086652
v  0.0439999588 -0.0262863599 0.00964504387
v  0.0439999588 -0.0267095491 0.00840234663
v  0.0439999588 -0.0270740297 0.00714117195
v  0.0439999588 -0.0273789708 0.00586432219
v  0.0439999588 0.0278078299 0.00327473809
v  0.0439999588 0.0276237708 0.00457453681
v  0.0439999588 0.0273789708 0.00586432219
v  0.0439999588 0.0270740297 0.00714117195
v  0.0439999588 0.0267095491 0.00840234663
v  0.0439999588 0.0262863599 0.00964504387
v  0.0439999588 0.0258053504 0.01086652
v  0.0439999588 0.0252676606 0.0120641496
v  0.0439999588 0.02467441 0.01323527
v  0.0439999588 0.0240269303 0.0143772298
v  0.0439999588 0.0233266298 0.01548767
v  0.0439999588 0.0225750208 0.0165640097
v  0.0439999588 0.0217738096 0.0176039301
v  0.0439999588 -0.0149365598 -0.0236832406
v  0.0439999588 -0.0138100302 -0.0243573692
v  0.0439999588 -0.0126531702 -0.0249779206
v  0.0439999588 -0.0114685204 -0.0255435109
v  0.0439999588 -0.0102586104 -0.0260530096
v  0.0439999588 -0.00902616885 -0.02650523
v  0.0439999588 -0.00777387619 -0.0268991496
v  0.0439999588 -0.00650453521 -0.0272339508
v  0.0439999588 -0.00522082997 -0.0275089107
v  0.0439999588 -0.00392568111 -0.0277234297
v  0.0439999588 -0.00262194802 -0.0278769694
v  0.0439999588 0.0209247395 0.0186051708
v  0.0439999588 0.0200296603 0.0195655208
v  0.0439999588 0.0190905891 0.0204828307
v  0.0439999588 0.01810956 0.0213551503
v  0.0439999588 0.0170886498 0.0221804902
v  0.0439999588 0.0160302501 0.0229571406
v  0.0439999588 0.0149365598 0.0236832406
v  0.0439999588 0.0138100302 0.0243573692
v  0.0439999588 0.0126531702 0.0249779206
v  0.0439999588 0.0114685204 0.0255435109
v  0.0439999588 0.0102586104 0.0260530096
v  0.0439999588 0.00902616885 0.02650523
v  0.0439999588 -0.00777387619 0.0268991496
v  0.0439999588 -0.00902616885 0.02650523
v  0.0439999588 -0.0102586104 0.0260530096
v  0.0439999588 -0.0114685204 0.0255435109
v  0.0439999588 -0.0126531702 0.0249779206
v  0.0439999588 -0.0138100302 0.0243573692
v  0.0439999588 -0.0149365598 0.0236832406
v  0.0439999588 -0.0160302501 0.0229571406
v  0.0439999588 -0.0170886498 0.0221804902
v  0.0439999588 -0.01810956 0.0213551503
v  0.0439999588 -0.0190905891 0.0204828307
v  0.0439999588 -0.0200296603 0.0195655208
v  0.0439999588 0.0252676606 -0.0120641496
v  0.0439999588 0.0258053504 -0.01086652
v  0.0439999588 0.0262863599 -0.00964504387
v  0.0439999588 0.0267095491 -0.00840234663
v  0.0439999588 0.0270740297 -0.00714117195
v  0.0439999588 0.0273789708 -0.00586432219
v  0.0439999588 0.0276237708 -0.00457453681
v  0.0439999588 0.0278078299 -0.00327473809
v  0.0439999588 0.0279307291 -0.00196772791
v  0.0439999588 0.0279923007 -0.00065639196
v  0.0439999588 0.0279923007 0.00065639196
v  0.0439999588 0.0279307291 0.00196772791
v  0.0439999588 0.0160302501 -0.0229571406
v  0.0439999588 0.0170886498 -0.0221804902
v  0.0439999588 0.01810956 -0.0213551503
v  0.0439999588 0.0190905891 -0.0204828307
v  0.0439999588 0.0200296603 -0.0195655208
v  0.0439999588 0.0209247395 -0.0186051708
v  0.0439999588 0.0217738096 -0.0176039301
v  0.0439999588 0.0225750208 -0.0165640097
v  0.0439999588 0.0233266298 -0.01548767
v  0.0439999588 0.0240269303 -0.0143772298
v  0.0439999588 0.02467441 -0.01323527
v  0.0439999588 0.00777387619 0.0268991496
v  0.0439999588 0.00650453521 0.0272339508
v  0.0439999588 0.00522082997 0.0275089107
v  0.0439999588 0.00392568111 0.0277234297
v  0.0439999588 0.00262194802 0.0278769694
v  0.0439999588 0.00131237495 0.0279691797
v  0.0439999588 0 0.0279999897
v  0.0439999588 -0.00131237495 0.0279691797
v  0.0439999588 -0.00262194802 0.0278769694
v  0.0439999588 -0.00392568111 0.0277234297
v  0.0439999588 -0.00522082997 0.0275089107
v  0.0439999588 -0.00650453521 0.0272339508
v  0.0509999916 -0.00777387619 -0.0268991496
v  0.0509999916 -0.00650453521 -0.0272339508
v  0.0509999916 -0.00522082997 -0.0275089107
v  0.0509999916 -0.00392568111 -0.0277234297
v  0.0509999916 -0.00262194802 -0.0278769694
v  0.0509999916 -0.00131237495 -0.0279691797
v  0.0509999916 0 -0.0279999897
v  0.0509999916 0.00131237495 -0.0279691797
v  0.0509999916 0.00262194802 -0.0278769694
v  0.0509999916 0.00392568111 -0.0277234297
v  0.0509999916 0.00522082997 -0.0275089107
v  0.0509999916 0.00650453521 -0.0272339508
v  0.0509999916 0.00777387619 -0.0268991496
v  0.0509999916 0.00902616885 -0.02650523
v  0.0509999916 0.0102586104 -0.0260530096
v  0.0509999916 0.0114685204 -0.0255435109
v  0.0509999916 0.0126531702 -0.0249779206
v  0.0509999916 0.0138100302 -0.0243573692
v  0.0509999916 0.0149365598 -0.0236832406
v  0.0509999916 0.0160302501 -0.0229571406
v  0.0509999916 0.0170886498 -0.0221804902
v  0.0509999916 0.01810956 -0.0213551503
v  0.0509999916 0.0190905891 -0.0204828307
v  0.0509999916 0.0200296603 -0.0195655208
v  0.0509999916 0.0209247395 -0.0186051708
v  0.0509999916 0.0217738096 -0.0176039301
v  0.0509999916 0.0225750208 -0.0165640097
v  0.0509999916 0.0233266298 -0.01548767
v  0.0509999916 0.0240269303 -0.0143772298
v  0.0509999916 0.02467441 -0.01323527
v  0.0509999916 0.0252676606 -0.0120641496
v  0.0509999916 0.0258053504 -0.01086652
v  0.0509999916 0.0262863599 -0.00964504387
v  0.0509999916 0.0267095491 -0.00840234663
v  0.0509999916 0.0270740297 -0.00714117195
v  0.0509999916 0.0273789708 -0.00586432219
v  0.0509999916 0.0276237708 -0.00457453681
v  0.0509999916 0.0278078299 -0.00327473809
v  0.0509999916 0.0279307291 -0.00196772791
v  0.0509999916 0.0279923007 -0.00065639196
v  0.0509999916 0.0279923007 0.00065639196
v  0.0509999916 0.0279307291 0.00196772791
v  0.0509999916 0.0278078299 0.00327473809
v  0.0509999916 0.0276237708 0.00457453681
v  0.0509999916 0.0273789708 0.00586432219
v  0.0509999916 0.0270740297 0.00714117195
v  0.0509999916 0.0267095491 0.00840234663
v  0.0509999916 0.0262863599 0.00964504387
v  0.0509999916 0.0258053504 0.01086652
v  0.0509999916 0.0252676606 0.0120641496
v  0.0509999916 0.02467441 0.01323527
v  0.0509999916 0.0240269303 0.0143772298
v  0.0509999916 0.0233266298 0.01548767
v  0.0509999916 0.0225750208 0.0165640097
v  0.0509999916 0.0217738096 0.0176039301
v  0.0509999916 0.0209247395 0.0186051708
v  0.0509999916 0.0200296603 0.0195655208
v  0.0509999916 0.0190905891 0.0204828307
v  0.0509999916 0.01810956 0.0213551503
v  0.0509999916 0.0170886498 0.0221804902
v  0.0509999916 0.0160302501 0.0229571406
v  0.0509999916 0.0149365598 0.0236832406
v  0.0509999916 0.0138100302 0.0243573692
v  0.0509999916 0.0126531702 0.0249779206
v  0.0509999916 0.0114685204 0.0255435109
v  0.0509999916 0.0102586104 0.0260530096
v  0.0509999916 0.00902616885 0.02650523
v  0.0509999916 0.00777387619 0.0268991496
v  0.0509999916 0.00650453521 0.0272339508
v  0.0509999916 0.00522082997 0.0275089107
v  0.0509999916 0.00392568111 0.0277234297
v  0.0509999916 0.00262194802 0.0278769694
v  0.0509999916 0.00131237495 0.0279691797
v  0.0509999916 0 0.0279999897
v  0.0509999916 -0.00131237495 0.0279691797
v  0.0509999916 -0.00262194802 0.0278769694
v  0.0509999916 -0.00392568111 0.0277234297
v  0.0509999916 -0.00522082997 0.0275089107
v  0.0509999916 -0.00650453521 0.0272339508
v  0.0509999916 -0.00777387619 0.0268991496
v  0.0509999916 -0.00902616885 0.02650523
v  0.0509999916 -0.0102586104 0.0260530096
v  0.0509999916 -0.0114685204 0.0255435109
v  0.0509999916 -0.0126531702 0.0249779206
v  0.0509999916 -0.0138100302 0.0243573692
v  0.0509999916 -0.0149365598 0.0236832406
v  0.0509999916 -0.0160302501 0.0229571406
v  0.0509999916 -0.0170886498 0.0221804902
v  0.0509999916 -0.01810956 0.0213551503
v  0.0509999916 -0.0190905891 0.0204828307
v  0.0509999916 -0.0200296603 0.0195655208
v  0.0509999916 -0.0209247395 0.0186051708
v  0.0509999916 -0.0217738096 0.0176039301
v  0.0509999916 -0.0225750208 0.0165640097
v  0.0509999916 -0.0233266298 0.01548767
v  0.0509999916 -0.0240269303 0.0143772298
v  0.0509999916 -0.02467441 0.01323527
v  0.0509999916 -0.0252676606 0.0120641496
v  0.0509999916 -0.0258053504 0.01086652
v  0.0509999916 -0.0262863599 0.00964504387
v  0.0509999916 -0.0267095491 0.00840234663
v  0.0509999916 -0.0270740297 0.00714117195
v  0.0509999916 -0.0273789708 0.00586432219
v  0.0509999916 -0.0276237708 0.00457453681
v  0.0509999916 -0.0278078299 0.00327473809
v  0.0509999916 -0.0279307291 0.00196772791
v  0.0509999916 -0.0279923007 0.00065639196
v  0.0509999916 -0.0279923007 -0.00065639196
v  0.0509999916 -0.0279307291 -0.00196772791
v  0.0509999916 -0.0278078299 -0.00327473809
v  0.0509999916 -0.0276237708 -0.00457453681
v  0.0509999916 -0.0273789708 -0.00586432219
v  0.0509999916 -0.0270740297 -0.00714117195
v  0.0509999916 -0.0267095491 -0.00840234663
v  0.0509999916 -0.0262863599 -0.00964504387
v  0.0509999916 -0.0258053504 -0.01086652
v  0.0509999916 -0.0252676606 -0.0120641496
v  0.0509999916 -0.02467441 -0.01323527
v  0.0509999916 -0.0240269303 -0.0143772298
v  0.0509999916 -0.0233266298 -0.01548767
v  0.0509999916 -0.0225750208 -0.0165640097
v  0.0509999916 -0.0217738096 -0.0176039301
v  0.0509999916 -0.0209247395 -0.0186051708
v  0.0509999916 -0.0200296603 -0.0195655208
v  0.0509999916 -0.0190905891 -0.0204828307
v  0.0509999916 -0.01810956 -0.0213551503
v  0.0509999916 -0.0170886498 -0.0221804902
v  0.0509999916 -0.0160302501 -0.0229571406
v  0.0509999916 -0.0149365598 -0.0236832406
v  0.0509999916 -0.0138100302 -0.0243573692
v  0.0509999916 -0.0126531702 -0.0249779206
v  0.0509999916 -0.0114685204 -0.0255435109
v  0.0509999916 -0.0102586104 -0.0260530096
v  0.0509999916 -0.00902616885 -0.02650523
v  0.0509999916 0.00224506808 0.00556409312
v  0.0509999916 0.00277048303 0.00532203913
v  0.0509999916 0.0078496933 0.0150791397
v  0.0509999916 -0.0169119202 0.00172775902
v  0.0509999916 -0.0167828705 0.00270819594
v  0.0509999916 0.00572228385 -0.00180423202
v  0.0509999916 0.00552189304 -0.00234687305
v  0.0509999916 0.0162131693 -0.00511199189
v  0.0509999916 0.00527024223 -0.00286775804
v  0.0509999916 0.00496959593 -0.00336199906
v  0.0509999916 -0.0165970307 0.00367945409
v  0.0509999916 -0.00585776521 0.00129860605
v  0.0509999916 -0.00570547488 0.00185668399
v  0.0509999916 0.00113671995 0.00589132309
v  0.0509999916 0.00169879105 0.00575446989
v  0.0509999916 -0.00913405418 -0.0143376496
v  0.0509999916 0.0046226969 -0.00382494903
v  0.0509999916 0.00423288299 -0.0042523141
v  0.0509999916 0.00380366994 -0.00464022113
v  0.0509999916 -0.0107368203 -0.0131802503
v  0.0509999916 -0.00995224714 -0.01378226
v  0.0509999916 0.000564100977 0.00597339822
v  0.0509999916 -0.0169837996 0.000741529977
v  0.0509999916 -0.0169981699 -0.000247246004
v  0.0509999916 -0.0169550106 -0.00123512698
v  0.0509999916 -0.0168545209 -0.00221890211
v  0.0509999916 -0.00550013687 0.002397537
v  0.0509999916 -0.00524365902 0.00291603804
v  0.0509999916 -0.00493848277 0.0034074781
v  0.0509999916 -0.00458735181 0.0038672681
v  0.0509999916 -0.00419360306 0.00429105712
v  0.0509999916 -0.0134869805 -0.0103489095
v  0.0509999916 -0.0128624402 -0.0111156097
v  0.0509999916 -0.0121943299 -0.01184469
v  0.0509999916 -0.0114849797 -0.01253366
v  0.0509999916 0.00333911111 -0.00498497393
v  0.0509999916 0.00284355809 -0.00528335478
v  0.0509999916 0.00232148101 -0.00553262187
v  0.0509999916 -0.0155100804 -0.00695961714
v  0.0509999916 -0.0150791397 -0.0078496933
v  0.0509999916 -0.0145972297 -0.00871318486
v  0.0509999916 -0.0140659204 -0.00954723265
v  0.0509999916 -0.0166969802 -0.00319516589
v  0.0509999916 -0.0164829399 -0.00416058302
v  0.0509999916 -0.0162131693 -0.00511199189
v  0.0509999916 -0.0158885103 -0.00604605582
v  0.0509999916 -0.00376087404 0.0046749711
v  0.0509999916 -0.00329315593 0.0050154319
v  0.0509999916 -0.0027948611 0.0053092828
v  0.0509999916 -0.000591530988 0.00597071601
v  0.0509999916 -1.37788993e-05 0.00599998189
v  0.0509999916 -0.00227057911 0.00555372192
v  0.0509999916 -0.00172519602 0.00574660301
v  0.0509999916 -0.00116377999 0.00588601781
v  0.0509999916 6.88930959e-05 -0.00599956512
v  0.0509999916 -0.000509207021 -0.00597834494
v  0.0509999916 -0.00322377589 -0.00506031513
v  0.0509999916 -0.00272142794 -0.00534725096
v  0.0509999916 -0.00219386793 -0.00558447791
v  0.0509999916 0.001777887 -0.00573050883
v  0.0509999916 0.00121778203 -0.00587511016
v  0.0509999916 0.000646352011 -0.00596505404
v  0.0509999916 -0.00108253898 -0.00590151502
v  0.0509999916 -0.00164586306 -0.00576978922
v  0.0509999916 0.0204256102 0.000701653014
v  0.0509999916 0.0200375896 0.00090797001
v  0.0509999916 0.0190953594 0.00181782199
v  0.0509999916 0.0188756492 0.00219839811
v  0.0509999916 0.0187110305 0.00260591507
v  0.0509999916 0.0187862497 0.00475931121
v  0.0509999916 0.01897889 0.00515431119
v  0.0509999916 0.0217068698 0.000429320993
v  0.0509999916 0.0212684795 0.000459976989
v  0.0509999916 0.0208386108 0.000551346981
v  0.0509999916 0.0196820404 0.00116622401
v  0.0509999916 0.0193659607 0.001471519
v  0.0509999916 0.0186046902 0.003032326
v  0.0509999916 0.0185588002 0.00346934702
v  0.0509999916 0.0178800207 0.00966811087
v  0.0509999916 0.0185741093 0.00390857412
v  0.0509999916 0.0183184091 0.00969874766
v  0.0509999916 0.0187482797 0.00979012158
v  0.0509999916 0.0174416304 0.00969874766
v  0.0509999916 0.0170117598 0.00979012158
v  0.0509999916 0.0160576105 0.00558137801
v  0.0509999916 0.0143376496 0.00913405418
v  0.0509999916 0.0148444697 0.00828492641
v  0.0509999916 0.0162107907 0.0101467296
v  0.0509999916 0.0208006501 0.0139980903
v  0.0509999916 0.0209364202 0.0135801397
v  0.0509999916 0.0210127793 0.0131473504
v  0.0509999916 0.0208758693 0.01184469
v  0.0509999916 0.0207112394 0.0114372298
v  0.0509999916 0.0186504107 0.00434136298
v  0.0509999916 0.0204914808 0.0110566597
v  0.0509999916 0.0202209298 0.0107103502
v  0.0509999916 0.0199047904 0.0104050599
v  0.0509999916 0.0195492506 0.0101467296
v  0.0509999916 0.0191612206 0.00994044542
v  0.0509999916 0.0246274993 0.00475931121
v  0.0509999916 0.0165988207 0.00994044542
v  0.0509999916 0.0153011 0.007407784
v  0.0509999916 0.0157059394 0.00650560809
v  0.0509999916 0.0210280996 0.0127081797
v  0.0509999916 0.0209821407 0.0122710997
v  0.0509999916 0.0244347993 0.00515431119
v  0.0509999916 0.0241891108 0.00551861478
v  0.0509999916 0.0247632805 0.00434136298
v  0.0509999916 0.0248395801 0.00390857412
v  0.0509999916 0.0248549506 0.00346934702
v  0.0509999916 0.01922464 0.00551861478
v  0.0509999916 0.0195186697 0.00584518909
v  0.0509999916 0.0198553205 0.00612771511
v  0.0509999916 0.0202280208 0.00636058999
v  0.0509999916 0.02062946 0.00653934386
v  0.0509999916 0.0210519396 0.00666046096
v  0.0509999916 0.0238950197 0.00584518909
v  0.0509999916 0.0235583708 0.00612771511
v  0.0509999916 0.0231856704 0.00636058999
v  0.0509999916 0.0227842294 0.00653934386
v  0.0509999916 0.0223617498 0.00666046096
v  0.0509999916 0.0221452694 0.000459976989
v  0.0509999916 0.0148235504 0.0135801397
v  0.0509999916 0.0149593903 0.0139980903
v  0.0509999916 0.0200681593 0.0150840199
v  0.0509999916 0.0203622505 0.0147574497
v  0.0509999916 0.0206080005 0.0143930903
v  0.0509999916 0.0163549706 0.00463825418
v  0.0509999916 0.0165970307 0.00367945409
v  0.0509999916 0.0167828705 0.00270819594
v  0.0509999916 0.0169119202 0.00172775902
v  0.0509999916 0.0169837996 0.000741529977
v  0.0509999916 0.0169981699 -0.000247246004
v  0.0509999916 0.0169550106 -0.00123512698
v  0.0509999916 0.0168545209 -0.00221890211
v  0.0509999916 0.0166969802 -0.00319516589
v  0.0509999916 0.0164829399 -0.00416058302
v  0.0509999916 0.0168026593 0.0157781206
v  0.0509999916 0.02192658 0.00672161486
v  0.0509999916 0.0214871094 0.00672161486
v  0.0509999916 0.0248089992 0.003032326
v  0.0509999916 0.0247026607 0.00260591507
v  0.0509999916 0.0245380402 0.00219839811
v  0.0509999916 0.02431833 0.00181782199
v  0.0509999916 0.0240477305 0.001471519
v  0.0509999916 0.0237316396 0.00116622401
v  0.0509999916 0.0233760998 0.00090797001
v  0.0509999916 0.0229880791 0.000701653014
v  0.0509999916 0.0225751307 0.000551346981
v  0.0509999916 0.0151520297 0.0143930903
v  0.0509999916 0.0158552509 0.0104050599
v  0.0509999916 0.0155391004 0.0107103502
v  0.0509999916 0.01378226 0.00995224714
v  0.0509999916 0.0152685596 0.0110566597
v  0.0509999916 0.0131802503 0.0107368203
v  0.0509999916 0.0150488 0.0114372298
v  0.0509999916 0.01253366 0.0114849797
v  0.0509999916 0.0148841701 0.01184469
v  0.0509999916 0.01184469 0.0121943299
v  0.0509999916 0.0147778904 0.0122710997
v  0.0509999916 0.0111156097 0.0128624402
v  0.0509999916 0.0147319399 0.0127081797
v  0.0509999916 0.0103489095 0.0134869805
v  0.0509999916 0.0147472601 0.0131473504
v  0.0509999916 0.00954723265 0.0140659204
v  0.0509999916 0.00871318486 0.0145972297
v  0.0509999916 0.0153977796 0.0147574497
v  0.0509999916 0.0156918094 0.0150840199
v  0.0509999916 0.0164011698 0.01559937
v  0.0509999916 0.0172250792 0.0158992391
v  0.0509999916 0.0176602602 0.0159603897
v  0.0509999916 0.0178800207 0.0159680806
v  0.0509999916 0.0180997197 0.0159603897
v  0.0509999916 0.0185349509 0.0158992391
v  0.0509999916 0.0189573709 0.0157781206
v  0.0509999916 0.0193588696 0.01559937
v  0.0509999916 0.0197315197 0.01536649
v  0.0509999916 0.0160285197 0.01536649
v  0.0479999706 0.0178800207 0.00966811087
v  0.0479999706 0.0183184091 0.00969874766
v  0.0479999706 0.0187482797 0.00979012158
v  0.0479999706 0.0191612206 0.00994044542
v  0.0479999706 0.0195492506 0.0101467296
v  0.0479999706 0.0199047904 0.0104050599
v  0.0479999706 0.0202209298 0.0107103502
v  0.0479999706 0.0204914808 0.0110566597
v  0.0479999706 0.0207112394 0.0114372298
v  0.0479999706 0.0208758693 0.01184469
v  0.0479999706 0.0209821407 0.0122710997
v  0.0479999706 0.0210280996 0.0127081797
v  0.0479999706 0.0210127793 0.0131473504
v  0.0479999706 0.0209364202 0.0135801397
v  0.0479999706 0.0208006501 0.0139980903
v  0.0479999706 0.0206080005 0.0143930903
v  0.0479999706 0.0203622505 0.0147574497
v  0.0479999706 0.0200681593 0.0150840199
v  0.0479999706 0.0197315197 0.01536649
v  0.0479999706 0.0193588696 0.01559937
v  0.0479999706 0.0189573709 0.0157781206
v  0.0479999706 0.0185349509 0.0158992391
v  0.0479999706 0.0180997197 0.0159603897
v  0.0479999706 0.0178800207 0.0159680806
v  0.0479999706 0.0176602602 0.0159603897
v  0.0479999706 0.0172250792 0.0158992391
v  0.0479999706 0.0168026593 0.0157781206
v  0.0479999706 0.0164011698 0.01559937
v  0.0479999706 0.0160285197 0.01536649
v  0.0479999706 0.0156918094 0.0150840199
v  0.0479999706 0.0153977796 0.0147574497
v  0.0479999706 0.0151520297 0.0143930903
v  0.0479999706 0.0149593903 0.0139980903
v  0.0479999706 0.0148235504 0.0135801397
v  0.0479999706 0.0147472601 0.0131473504
v  0.0479999706 0.0147319399 0.0127081797
v  0.0479999706 0.0147778904 0.0122710997
v  0.0479999706 0.0148841701 0.01184469
v  0.0479999706 0.0150488 0.0114372298
v  0.0479999706 0.0152685596 0.0110566597
v  0.0479999706 0.0155391004 0.0107103502
v  0.0479999706 0.0158552509 0.0104050599
v  0.0479999706 0.0162107907 0.0101467296
v  0.0479999706 0.0165988207 0.00994044542
v  0.0479999706 0.0170117598 0.00979012158
v  0.0479999706 0.0174416304 0.00969874766
v  0.0479999706 0.0178800207 0.0128180897
v  0.0479999706 0.0217068698 0.000429320993
v  0.0479999706 0.0221452694 0.000459976989
v  0.0479999706 0.0225751307 0.000551346981
v  0.0479999706 0.0229880791 0.000701653014
v  0.0479999706 0.0233760998 0.00090797001
v  0.0479999706 0.0237316396 0.00116622401
v  0.0479999706 0.0240477305 0.001471519
v  0.0479999706 0.02431833 0.00181782199
v  0.0479999706 0.0245380402 0.00219839811
v  0.0479999706 0.0247026607 0.00260591507
v  0.0479999706 0.0248089992 0.003032326
v  0.0479999706 0.0248549506 0.00346934702
v  0.0479999706 0.0248395801 0.00390857412
v  0.0479999706 0.0247632805 0.00434136298
v  0.0479999706 0.0246274993 0.00475931121
v  0.0479999706 0.0244347993 0.00515431119
v  0.0479999706 0.0241891108 0.00551861478
v  0.0479999706 0.0238950197 0.00584518909
v  0.0479999706 0.0235583708 0.00612771511
v  0.0479999706 0.0231856704 0.00636058999
v  0.0479999706 0.0227842294 0.00653934386
v  0.0479999706 0.0223617498 0.00666046096
v  0.0479999706 0.02192658 0.00672161486
v  0.0479999706 0.0214871094 0.00672161486
v  0.0479999706 0.0210519396 0.00666046096
v  0.0479999706 0.02062946 0.00653934386
v  0.0479999706 0.0202280208 0.00636058999
v  0.0479999706 0.0198553205 0.00612771511
v  0.0479999706 0.0195186697 0.00584518909
v  0.0479999706 0.01922464 0.00551861478
v  0.0479999706 0.01897889 0.00515431119
v  0.0479999706 0.0187862497 0.00475931121
v  0.0479999706 0.0186504107 0.00434136298
v  0.0479999706 0.0185741093 0.00390857412
v  0.0479999706 0.0185588002 0.00346934702
v  0.0479999706 0.0186046902 0.003032326
v  0.0479999706 0.0187110305 0.00260591507
v  0.0479999706 0.0188756492 0.00219839811
v  0.0479999706 0.0190953594 0.00181782199
v  0.0479999706 0.0193659607 0.001471519
v  0.0479999706 0.0196820404 0.00116622401
v  0.0479999706 0.0200375896 0.00090797001
v  0.0479999706 0.0204256102 0.000701653014
v  0.0479999706 0.0208386108 0.000551346981
v  0.0479999706 0.0212684795 0.000459976989
v  0.0479999706 0.0217068698 0.00357931806
v  0.0479999706 0.00277048303 0.00532203913
v  0.0479999706 0.00224506808 0.00556409312
v  0.0479999706 0.00169879105 0.00575446989
v  0.0479999706 0.00113671995 0.00589132309
v  0.0479999706 0.000564100977 0.00597339822
v  0.0479999706 -1.37788993e-05 0.00599998189
v  0.0479999706 -0.000591530988 0.00597071601
v  0.0479999706 -0.00116377999 0.00588601781
v  0.0479999706 -0.00172519602 0.00574660301
v  0.0479999706 -0.00227057911 0.00555372192
v  0.0479999706 -0.0027948611 0.0053092828
v  0.0479999706 -0.00329315593 0.0050154319
v  0.0479999706 -0.00376087404 0.0046749711
v  0.0479999706 -0.00419360306 0.00429105712
v  0.0479999706 -0.00458735181 0.0038672681
v  0.0479999706 -0.00493848277 0.0034074781
v  0.0479999706 -0.00524365902 0.00291603804
v  0.0479999706 -0.00550013687 0.002397537
v  0.0479999706 -0.00570547488 0.00185668399
v  0.0479999706 -0.00585776521 0.00129860605
v  0.0479999706 0.0078496933 0.0150791397
v  0.0479999706 0.0162131693 -0.00511199189
v  0.0479999706 0.0164829399 -0.00416058302
v  0.0479999706 0.0166969802 -0.00319516589
v  0.0479999706 0.0168545209 -0.00221890211
v  0.0479999706 0.0169550106 -0.00123512698
v  0.0479999706 0.0169981699 -0.000247246004
v  0.0479999706 0.0169837996 0.000741529977
v  0.0479999706 0.0169119202 0.00172775902
v  0.0479999706 0.0167828705 0.00270819594
v  0.0479999706 0.0165970307 0.00367945409
v  0.0479999706 0.0163549706 0.00463825418
v  0.0479999706 0.0160576105 0.00558137801
v  0.0479999706 0.0157059394 0.00650560809
v  0.0479999706 0.0153011 0.007407784
v  0.0479999706 0.0148444697 0.00828492641
v  0.0479999706 0.0143376496 0.00913405418
v  0.0479999706 0.01378226 0.00995224714
v  0.0479999706 0.0131802503 0.0107368203
v  0.0479999706 0.01253366 0.0114849797
v  0.0479999706 0.01184469 0.0121943299
v  0.0479999706 0.0111156097 0.0128624402
v  0.0479999706 0.0103489095 0.0134869805
v  0.0479999706 0.00954723265 0.0140659204
v  0.0479999706 0.00871318486 0.0145972297
v  0.0479999706 0.00572228385 -0.00180423202
v  0.0479999706 -0.00322377589 -0.00506031513
v  0.0479999706 -0.00272142794 -0.00534725096
v  0.0479999706 -0.00219386793 -0.00558447791
v  0.0479999706 -0.00164586306 -0.00576978922
v  0.0479999706 -0.00108253898 -0.00590151502
v  0.0479999706 -0.000509207021 -0.00597834494
v  0.0479999706 6.88930959e-05 -0.00599956512
v  0.0479999706 0.000646352011 -0.00596505404
v  0.0479999706 0.00121778203 -0.00587511016
v  0.0479999706 0.001777887 -0.00573050883
v  0.0479999706 0.00232148101 -0.00553262187
v  0.0479999706 0.00284355809 -0.00528335478
v  0.0479999706 0.00333911111 -0.00498497393
v  0.0479999706 0.00380366994 -0.00464022113
v  0.0479999706 0.00423288299 -0.0042523141
v  0.0479999706 0.0046226969 -0.00382494903
v  0.0479999706 0.00496959593 -0.00336199906
v  0.0479999706 0.00527024223 -0.00286775804
v  0.0479999706 0.00552189304 -0.00234687305
v  0.0479999706 -0.00913405418 -0.0143376496
v  0.0479999706 -0.0165970307 0.00367945409
v  0.0479999706 -0.0167828705 0.00270819594
v  0.0479999706 -0.0169119202 0.00172775902
v  0.0479999706 -0.0169837996 0.000741529977
v  0.0479999706 -0.0169981699 -0.000247246004
v  0.0479999706 -0.0169550106 -0.00123512698
v  0.0479999706 -0.0168545209 -0.00221890211
v  0.0479999706 -0.0166969802 -0.00319516589
v  0.0479999706 -0.0164829399 -0.00416058302
v  0.0479999706 -0.0162131693 -0.00511199189
v  0.0479999706 -0.0158885103 -0.00604605582
v  0.0479999706 -0.0155100804 -0.00695961714
v  0.0479999706 -0.0150791397 -0.0078496933
v  0.0479999706 -0.0145972297 -0.00871318486
v  0.0479999706 -0.0140659204 -0.00954723265
v  0.0479999706 -0.0134869805 -0.0103489095
v  0.0479999706 -0.0128624402 -0.0111156097
v  0.0479999706 -0.0121943299 -0.01184469
v  0.0479999706 -0.0114849797 -0.01253366
v  0.0479999706 -0.0107368203 -0.0131802503
v  0.0479999706 -0.00995224714 -0.01378226

# 0 UV coordinates

# 1331 vertex normals
vn 0 0.0108297998 -0.999941409
vn 0 -0.0108297998 -0.999941409
vn 0 0.671809196 -0.740724325
vn 0 0.639090717 -0.769131422
vn 0 0.639092624 -0.769129813
vn 0 0.605175436 -0.796092093
vn 0 0.605173647 -0.796093464
vn 0 0.57012099 -0.8215608
vn 0 0.570120156 -0.821561277
vn 0 0.533996463 -0.845486701
vn 0 0.496868551 -0.867825806
vn 0 0.496869385 -0.867825389
vn 0 0.458810538 -0.888534069
vn 0 0.458809793 -0.888534486
vn 0 0.419889003 -0.907575488
vn 0 0.380179912 -0.924912572
vn 0 0.380179197 -0.92491293
vn 0 0.339757502 -0.940513074
vn 0 0.298695683 -0.954348385
vn 0 0.298696011 -0.954348385
vn 0 0.257074237 -0.966391742
vn 0 0.257073581 -0.966391802
vn 0 0.214971498 -0.976620317
vn 0 0.172462106 -0.985016227
vn 0 0.172461703 -0.985016286
vn 0 0.12963219 -0.991562188
vn 0 0.129632086 -0.991562188
vn 0 0.086556308 -0.996246994
vn 0 0.0433191545 -0.999061286
vn 0 0.0433191583 -0.999061286
vn 0 -0.0433191583 -0.999061286
vn 0 -0.0433191545 -0.999061286
vn 0 -0.086556308 -0.996246994
vn 0 -0.129632086 -0.991562188
vn 0 -0.12963219 -0.991562188
vn 0 -0.172461703 -0.985016286
vn 0 -0.172462106 -0.985016227
vn 0 -0.214971498 -0.976620317
vn 0 -0.257073581 -0.966391802
vn 0 -0.257074237 -0.966391742
vn 0 -0.298696011 -0.954348385
vn 0 -0.298695683 -0.954348385
vn 0 -0.339757502 -0.940513074
vn 0 -0.380179197 -0.92491293
vn 0 -0.380179912 -0.924912572
vn 0 -0.419889003 -0.907575488
vn 0 -0.458809793 -0.888534486
vn 0 -0.458810538 -0.888534069
vn 0 -0.496869385 -0.867825389
vn 0 -0.496868551 -0.867825806
vn 0 -0.533996463 -0.845486701
vn 0 -0.570120156 -0.821561277
vn 0 -0.57012099 -0.8215608
vn 0 -0.605173647 -0.796093464
vn 0 -0.605175436 -0.796092093
vn 0 -0.639092624 -0.769129813
vn 0 -0.639090717 -0.769131422
vn 0 -0.671809196 -0.740724325
vn 0 -0.671808243 -0.74072516
vn 0 -0.70326674 -0.710926175
vn 0 -0.733403742 -0.679793358
vn 0 -0.762161493 -0.647387028
vn 0 -0.789490879 -0.613762259
vn 0 -0.815336287 -0.578987718
vn 0 -0.839652419 -0.543124199
vn 0 -0.839654088 -0.543121517
vn 0 -0.862389803 -0.506244898
vn 0 -0.862393141 -0.506239355
vn 0 -0.883511901 -0.468408734
vn 0 -0.902973175 -0.429697007
vn 0 -0.920739889 -0.390177101
vn 0 -0.936778009 -0.349924266
vn 0 -0.95105648 -0.309017301
vn 0 -0.963550091 -0.267528206
vn 0 -0.974234104 -0.225539193
vn 0 -0.974234998 -0.225535601
vn 0 -0.983090281 -0.183121994
vn 0 -0.983089507 -0.1831256
vn 0 -0.990100205 -0.140362695
vn 0 -0.990099728 -0.140366405
vn 0 -0.995251179 -0.0973403975
vn 0 -0.995250404 -0.0973478332
vn 0 -0.998533487 -0.0541376919
vn 0 -0.998533666 -0.0541339442
vn 0 -0.999941409 -0.0108297402
vn 0 -0.999941289 -0.0108372504
vn 0 -0.999472082 0.0324893445
vn 0 -0.999472022 0.0324931107
vn 0 -0.997126102 0.075759694
vn 0 -0.992908299 0.118883416
vn 0 -0.992908716 0.118879698
vn 0 -0.986826003 0.161785394
vn 0 -0.986827195 0.161778092
vn 0 -0.978891075 0.204383001
vn 0 -0.978892505 0.204375774
vn 0 -0.9691208 0.246586606
vn 0 -0.969119012 0.246593699
vn 0 -0.957528472 0.28833881
vn 0 -0.957527399 0.288342178
vn 0 -0.944138408 0.329549402
vn 0 -0.9441396 0.329546034
vn 0 -0.92897588 0.370140314
vn 0 -0.928977191 0.370137095
vn 0 -0.912070692 0.410032928
vn 0 -0.893452227 0.449158311
vn 0 -0.873157322 0.4874385
vn 0 -0.851220727 0.52480799
vn 0 -0.851224005 0.524802506
vn 0 -0.827686787 0.561190248
vn 0 -0.827690303 0.561185122
vn 0 -0.802602291 0.596514523
vn 0 -0.802600503 0.596517026
vn 0 -0.776009202 0.630721569
vn 0 -0.747956991 0.663747191
vn 0 -0.747958899 0.663745105
vn 0 -0.718503475 0.695523381
vn 0 -0.718501568 0.695525348
vn 0 -0.687699974 0.725995004
vn 0 -0.68769902 0.725995898
vn 0 -0.655605078 0.755104005
vn 0 -0.655604184 0.75510478
vn 0 -0.622279525 0.782795191
vn 0 -0.587785482 0.809016883
vn 0 -0.587786376 0.809016228
vn 0 -0.552187145 0.833720207
vn 0 -0.552187979 0.833719671
vn 0 -0.515554428 0.856856883
vn 0 -0.477950841 0.878386557
vn 0 -0.477951705 0.878386199
vn 0 -0.439452201 0.898266017
vn 0 -0.400128901 0.916458905
vn 0 -0.360052705 0.932932019
vn 0 -0.360053688 0.932931602
vn 0 -0.319301397 0.947653294
vn 0 -0.319300801 0.947653413
vn 0 -0.277950406 0.960595489
vn 0 -0.277950615 0.960595429
vn 0 -0.236076877 0.971734405
vn 0 -0.2360771 0.971734405
vn 0 -0.193763107 0.981048405
vn 0 -0.193762869 0.981048405
vn 0 -0.151081398 0.988521397
vn 0 -0.108119287 0.994137883
vn 0 -0.108119383 0.994137883
vn 0 -0.0649536178 0.997888327
vn 0 -0.021663541 0.999765396
vn 0 0.021663541 0.999765396
vn 0 0.0649536178 0.997888327
vn 0 0.108119383 0.994137883
vn 0 0.108119287 0.994137883
vn 0 0.151081398 0.988521397
vn 0 0.193762869 0.981048405
vn 0 0.193763107 0.981048405
vn 0 0.2360771 0.971734405
vn 0 0.236076877 0.971734405
vn 0 0.277950615 0.960595429
vn 0 0.277950406 0.960595489
vn 0 0.319300801 0.947653413
vn 0 0.319301397 0.947653294
vn 0 0.360053688 0.932931602
vn 0 0.360052705 0.932932019
vn 0 0.400128901 0.916458905
vn 0 0.439452201 0.898266017
vn 0 0.477951705 0.878386199
vn 0 0.477950841 0.878386557
vn 0 0.515554428 0.856856883
vn 0 0.552187979 0.833719671
vn 0 0.552187145 0.833720207
vn 0 0.587786376 0.809016228
vn 0 0.587785482 0.809016883
vn 0 0.622279525 0.782795191
vn 0 0.655604184 0.75510478
vn 0 0.655605078 0.755104005
vn 0 0.68769902 0.725995898
vn 0 0.687699974 0.725995004
vn 0 0.718501568 0.695525348
vn 0 0.718503475 0.695523381
vn 0 0.747958899 0.663745105
vn 0 0.747956991 0.663747191
vn 0 0.776009202 0.630721569
vn 0 0.802600503 0.596517026
vn 0 0.802602291 0.596514523
vn 0 0.827690303 0.561185122
vn 0 0.827686787 0.561190248
vn 0 0.851224005 0.524802506
vn 0 0.851220727 0.52480799
vn 0 0.873157322 0.4874385
vn 0 0.893452227 0.449158311
vn 0 0.912070692 0.410032928
vn 0 0.928977191 0.370137095
vn 0 0.92897588 0.370140314
vn 0 0.9441396 0.329546034
vn 0 0.944138408 0.329549402
vn 0 0.957527399 0.288342178
vn 0 0.957528472 0.28833881
vn 0 0.969119012 0.246593699
vn 0 0.9691208 0.246586606
vn 0 0.978892505 0.204375774
vn 0 0.978891075 0.204383001
vn 0 0.986827195 0.161778092
vn 0 0.986826003 0.161785394
vn 0 0.992908716 0.118879698
vn 0 0.992908299 0.118883416
vn 0 0.997126102 0.075759694
vn 0 0.999472022 0.0324931107
vn 0 0.999472082 0.0324893445
vn 0 0.999941289 -0.0108372504
vn 0 0.999941409 -0.0108297402
vn 0 0.998533666 -0.0541339442
vn 0 0.998533487 -0.0541376919
vn 0 0.995250404 -0.0973478332
vn 0 0.995251179 -0.0973403975
vn 0 0.990099728 -0.140366405
vn 0 0.990100205 -0.140362695
vn 0 0.983089507 -0.1831256
vn 0 0.983090281 -0.183121994
vn 0 0.974234998 -0.225535601
vn 0 0.974234104 -0.225539193
vn 0 0.963550091 -0.267528206
vn 0 0.95105648 -0.309017301
vn 0 0.936778009 -0.349924266
vn 0 0.920739889 -0.390177101
vn 0 0.902973175 -0.429697007
vn 0 0.883511901 -0.468408734
vn 0 0.862393141 -0.506239355
vn 0 0.862389803 -0.506244898
vn 0 0.839654088 -0.543121517
vn 0 0.839652419 -0.543124199
vn 0 0.815336287 -0.578987718
vn 0 0.789490879 -0.613762259
vn 0 0.762161493 -0.647387028
vn 0 0.733403742 -0.679793358
vn 0 0.70326674 -0.710926175
vn 0 0.671808243 -0.74072516
vn -1 0 0
vn 0 0.0275533106 -0.999620378
vn 0 0.082580559 -0.996584415
vn 0 0.137352705 -0.990522206
vn 0 0.137352586 -0.990522206
vn 0 0.19171077 -0.981451452
vn 0 0.245485574 -0.969400287
vn 0 0.298515171 -0.954404891
vn 0 0.29851526 -0.954404891
vn 0 0.350637704 -0.936511219
vn 0 0.4016954 -0.915773392
vn 0 0.401694894 -0.915773571
vn 0 0.451534212 -0.892253816
vn 0 0.451533705 -0.892254114
vn 0 0.499999493 -0.866025686
vn 0 0.546948016 -0.837166607
vn 0 0.592235029 -0.805765271
vn 0 0.592234313 -0.805765808
vn 0 0.635724604 -0.771915972
vn 0 0.67728132 -0.735724211
vn 0 0.716782868 -0.697296441
vn 0 0.716781557 -0.697297812
vn 0 0.754106462 -0.656752169
vn 0 0.789141595 -0.61421144
vn 0 0.789140284 -0.614213109
vn 0 0.82177788 -0.569808006
vn 0 0.851919889 -0.523672223
vn 0 0.851918578 -0.52367425
vn 0 0.879474282 -0.475946426
vn 0 0.87947309 -0.475948602
vn 0 0.904358208 -0.426774144
vn 0 0.904357195 -0.426776409
vn 0 0.926493704 -0.376310408
vn 0 0.945816815 -0.324701041
vn 0 0.94581759 -0.324698627
vn 0 0.962268591 -0.272101283
vn 0 0.962267876 -0.272103906
vn 0 0.975796282 -0.218681604
vn 0 0.975796878 -0.218678996
vn 0 0.986361504 -0.164593697
vn 0 0.986361086 -0.164596394
vn 0 0.993930399 -0.110010587
vn 0 0.993930697 -0.110007785
vn 0 0.998481572 -0.0550864302
vn 0 1 0
vn 0 0.998481572 0.0550864302
vn 0 0.993930697 0.110007785
vn 0 0.993930399 0.110010587
vn 0 0.986361086 0.164596394
vn 0 0.986361504 0.164593697
vn 0 0.975796878 0.218678996
vn 0 0.975796282 0.218681604
vn 0 0.962267876 0.272103906
vn 0 0.962268591 0.272101283
vn 0 0.94581759 0.324698627
vn 0 0.945816815 0.324701041
vn 0 0.926493704 0.376310408
vn 0 0.904357195 0.426776409
vn 0 0.904358208 0.426774144
vn 0 0.87947309 0.475948602
vn 0 0.879474282 0.475946426
vn 0 0.851918578 0.52367425
vn 0 0.851919889 0.523672223
vn 0 0.82177788 0.569808006
vn 0 0.789140284 0.614213109
vn 0 0.789141595 0.61421144
vn 0 0.754106462 0.656752169
vn 0 0.716781557 0.697297812
vn 0 0.716782868 0.697296441
vn 0 0.67728132 0.735724211
vn 0 0.635724604 0.771915972
vn 0 0.592234313 0.805765808
vn 0 0.592235029 0.805765271
vn 0 0.546948016 0.837166607
vn 0 0.499999493 0.866025686
vn 0 0.451533705 0.892254114
vn 0 0.451534212 0.892253816
vn 0 0.401694894 0.915773571
vn 0 0.4016954 0.915773392
vn 0 0.350637704 0.936511219
vn 0 0.29851526 0.954404891
vn 0 0.298515171 0.954404891
vn 0 0.245485574 0.969400287
vn 0 0.19171077 0.981451452
vn 0 0.137352586 0.990522206
vn 0 0.137352705 0.990522206
vn 0 0.082580559 0.996584415
vn 0 0.0275533106 0.999620378
vn 0 -0.0275533106 0.999620378
vn 0 -0.082580559 0.996584415
vn 0 -0.137352705 0.990522206
vn 0 -0.137352586 0.990522206
vn 0 -0.19171077 0.981451452
vn 0 -0.245485574 0.969400287
vn 0 -0.298515171 0.954404891
vn 0 -0.29851526 0.954404891
vn 0 -0.350637704 0.936511219
vn 0 -0.4016954 0.915773392
vn 0 -0.401694894 0.915773571
vn 0 -0.451534212 0.892253816
vn 0 -0.451533705 0.892254114
vn 0 -0.499999493 0.866025686
vn 0 -0.546948016 0.837166607
vn 0 -0.592235029 0.805765271
vn 0 -0.592234313 0.805765808
vn 0 -0.635724604 0.771915972
vn 0 -0.67728132 0.735724211
vn 0 -0.716782868 0.697296441
vn 0 -0.716781557 0.697297812
vn 0 -0.754106462 0.656752169
vn 0 -0.789141595 0.61421144
vn 0 -0.789140284 0.614213109
vn 0 -0.82177788 0.569808006
vn 0 -0.851919889 0.523672223
vn 0 -0.851918578 0.52367425
vn 0 -0.879474282 0.475946426
vn 0 -0.87947309 0.475948602
vn 0 -0.904358208 0.426774144
vn 0 -0.904357195 0.426776409
vn 0 -0.926493704 0.376310408
vn 0 -0.945816815 0.324701041
vn 0 -0.94581759 0.324698627
vn 0 -0.962268591 0.272101283
vn 0 -0.962267876 0.272103906
vn 0 -0.975796282 0.218681604
vn 0 -0.975796878 0.218678996
vn 0 -0.986361504 0.164593697
vn 0 -0.986361086 0.164596394
vn 0 -0.993930399 0.110010587
vn 0 -0.993930697 0.110007785
vn 0 -0.998481572 0.0550864302
vn 0 -1 0
vn 0 -0.998481572 -0.0550864302
vn 0 -0.993930697 -0.110007785
vn 0 -0.993930399 -0.110010587
vn 0 -0.986361086 -0.164596394
vn 0 -0.986361504 -0.164593697
vn 0 -0.975796878 -0.218678996
vn 0 -0.975796282 -0.218681604
vn 0 -0.962267876 -0.272103906
vn 0 -0.962268591 -0.272101283
vn 0 -0.94581759 -0.324698627
vn 0 -0.945816815 -0.324701041
vn 0 -0.926493704 -0.376310408
vn 0 -0.904357195 -0.426776409
vn 0 -0.904358208 -0.426774144
vn 0 -0.87947309 -0.475948602
vn 0 -0.879474282 -0.475946426
vn 0 -0.851918578 -0.52367425
vn 0 -0.851919889 -0.523672223
vn 0 -0.82177788 -0.569808006
vn 0 -0.789140284 -0.614213109
vn 0 -0.789141595 -0.61421144
vn 0 -0.754106462 -0.656752169
vn 0 -0.716781557 -0.697297812
vn 0 -0.716782868 -0.697296441
vn 0 -0.67728132 -0.735724211
vn 0 -0.635724604 -0.771915972
vn 0 -0.592234313 -0.805765808
vn 0 -0.592235029 -0.805765271
vn 0 -0.546948016 -0.837166607
vn 0 -0.499999493 -0.866025686
vn 0 -0.451533705 -0.892254114
vn 0 -0.451534212 -0.892253816
vn 0 -0.401694894 -0.915773571
vn 0 -0.4016954 -0.915773392
vn 0 -0.350637704 -0.936511219
vn 0 -0.29851526 -0.954404891
vn 0 -0.298515171 -0.954404891
vn 0 -0.245485574 -0.969400287
vn 0 -0.19171077 -0.981451452
vn 0 -0.137352586 -0.990522206
vn 0 -0.137352705 -0.990522206
vn 0 -0.082580559 -0.996584415
vn 0 -0.0275533106 -0.999620378
vn 1 -2.65122003e-06 0
vn 1 0 0
vn 1 -3.74958995e-06 0
vn 1 4.91820992e-06 0
vn 1 8.62473996e-07 0
vn 1 -2.29948e-06 0
vn 1 1.43677994e-06 0
vn 1 5.74508022e-07 0
vn 1 -2.29703005e-06 0
vn 1 4.92766003e-06 0
vn 1 -2.86982004e-06 0
vn 1 1.14724992e-06 0
vn 1 -3.43945999e-06 0
vn 1 1.71703005e-06 0
vn 1 1.15014006e-06 0
vn 1 1.15005992e-06 0
vn 1 -2.29978991e-06 0
vn 1 2.46000013e-06 0
vn 1 -1.14927991e-06 0
vn 1 2.29767988e-06 0
vn 1 1.14831994e-06 0
vn 1 -3.44308e-06 0
vn 1 2.29397006e-06 0
vn 1 1.14618001e-06 0
vn 1 -2.29915008e-06 0
vn 1 6.16165039e-07 0
vn 1 -1.23318e-06 0
vn 1 3.08806989e-07 0
vn 1 1.14512e-06 0
vn 1 -2.30002001e-06 0
vn 1 2.29731995e-06 0
vn 1 -1.14810007e-06 0
vn 1 4.92990011e-06 0
vn 1 -1.14745001e-06 0
vn 1 1.14670001e-06 0
vn 1 2.29173997e-06 0
vn 1 -1.14495003e-06 0
vn 1 1.14393993e-06 0
vn 1 -5.95557992e-07 0
vn 1 -9.22192953e-07 0
vn 1 1.15005002e-06 0
vn 1 -6.15208023e-07 0
vn 1 1.14925001e-06 0
vn 1 -6.15458021e-07 0
vn 1 -1.14880004e-06 0
vn 1 6.15765998e-07 0
vn 1 1.14826003e-06 0
vn 1 -1.14762997e-06 0
vn 1 1.23309997e-06 0
vn 1 -1.14690999e-06 0
vn 1 1.14611009e-06 0
vn 1 -1.14521004e-06 0
vn 1 1.23630002e-06 0
vn 1 3.45035005e-06 0
vn 1 -1.15014006e-06 0
vn 1 -1.72490002e-06 0
vn 1 3.44805994e-06 0
vn 1 -1.14892998e-06 0
vn 1 -1.72263003e-06 0
vn 1 2.29561988e-06 0
vn 1 -5.73559987e-07 0
vn 1 -1.43291993e-06 0
vn 1 2.29093007e-06 0
vn 1 -8.5838002e-07 0
vn 1 -2.45907995e-06 0
vn 1 2.45914998e-06 0
vn 1 -2.30013984e-06 0
vn 1 2.45942988e-06 0
vn 1 1.14990996e-06 0
vn 1 -2.45993988e-06 0
vn 1 -1.14932004e-06 0
vn 1 2.29776992e-06 0
vn 1 -2.29671991e-06 0
vn 1 1.14775003e-06 0
vn 1 -1.14705006e-06 0
vn 1 -1.14626005e-06 0
vn 1 4.93966991e-06 0
vn 1 -2.29075999e-06 0
vn 1 -5.75054003e-07 0
vn 1 5.74989997e-07 0
vn 1 -2.29952002e-06 0
vn 1 1.1494501e-06 0
vn 1 1.14905004e-06 0
vn 1 -1.14857005e-06 0
vn 1 2.29597003e-06 0
vn 1 -2.29463012e-06 0
vn 1 1.14655995e-06 0
vn 1 2.29142006e-06 0
vn 1 -3.43431998e-06 0
vn 1 -2.28749991e-06 0
vn 1 2.46017999e-06 0
vn 1 -1.14954992e-06 0
vn 1 1.14917009e-06 0
vn 1 -2.4620399e-06 0
vn 1 2.29189982e-06 0
vn 1 -3.45035005e-06 0
vn 1 -1.14948e-06 0
vn 1 -2.29819011e-06 0
vn 1 1.14860995e-06 0
vn 1 -4.92712979e-06 0
vn 1 3.44412001e-06 0
vn 1 -4.93020025e-06 0
vn 1 2.29476996e-06 0
vn 1 -1.1466301e-06 0
vn 1 -2.29158991e-06 0
vn 1 -2.28768999e-06 0
vn 1 5.75054003e-07 0
vn 1 -1.72521993e-06 0
vn 1 4.91822993e-06 0
vn 1 -2.87524017e-07 0
vn 1 -4.9187297e-06 0
vn 1 2.58737987e-06 0
vn 1 -2.87428009e-07 0
vn 1 1.43674004e-06 0
vn 1 4.66564984e-07 0
vn 1 -4.66323002e-07 0
vn 1 -4.93477e-06 0
vn 1 3.15263014e-06 0
vn 1 2.86387007e-07 0
vn 1 2.00303998e-06 0
vn 1 -4.28834028e-06 0
vn 0 -0.255042672 -0.966929793
vn 0 -0.20944047 -0.97782141
vn 0 -0.209440872 -0.97782129
vn 0 -0.163376495 -0.986563802
vn 0 -0.163376585 -0.986563802
vn 0 -0.116955899 -0.993137121
vn 0 -0.116955712 -0.99313724
vn 0 -0.0702756494 -0.997527599
vn 0 -0.0702756569 -0.997527599
vn 0 -0.02344363 -0.999725223
vn 0 0.02344363 -0.999725223
vn 0 0.0702756569 -0.997527599
vn 0 0.0702756494 -0.997527599
vn 0 0.116955899 -0.993137121
vn 0 0.116955712 -0.99313724
vn 0 0.163376585 -0.986563802
vn 0 0.163376495 -0.986563802
vn 0 0.209440693 -0.97782141
vn 0 0.25504306 -0.966929674
vn 0 0.255042493 -0.966929913
vn 0 0.300084412 -0.953912675
vn 0 0.300083607 -0.953912914
vn 0 0.344467103 -0.938798428
vn 0 0.344467372 -0.938798308
vn 0 0.388091207 -0.921621025
vn 0 0.388091445 -0.921620905
vn 0 0.430863291 -0.902417302
vn 0 0.430864215 -0.902416825
vn 0 0.472688586 -0.881229579
vn 0 0.472688913 -0.881229401
vn 0 0.513474226 -0.858105004
vn 0 0.553131223 -0.83309418
vn 0 0.553131878 -0.833093703
vn 0 0.591571391 -0.806252599
vn 0 0.591572165 -0.806252003
vn 0 0.628711641 -0.777638495
vn 0 0.628712893 -0.777637601
vn 0 0.664473534 -0.747311831
vn 0 0.664471924 -0.747313201
vn 0 0.698769212 -0.71534729
vn 0 0.698770821 -0.715345681
vn 0 0.731529176 -0.6818102
vn 0 0.731531143 -0.681808054
vn 0 0.762686193 -0.64676863
vn 0 0.762685895 -0.646769106
vn 0 0.792161405 -0.610311687
vn 0 0.792162895 -0.61030972
vn 0 0.819898129 -0.572509587
vn 0 0.819898307 -0.572509229
vn 0 0.845831871 -0.533449709
vn 0 0.869907022 -0.493215889
vn 0 0.869905591 -0.493218243
vn 0 0.892068207 -0.45190075
vn 0 0.892069519 -0.451898187
vn 0 0.912268877 -0.409591913
vn 0 0.912270129 -0.409589201
vn 0 0.930464208 -0.366382897
vn 0 0.930466294 -0.366377473
vn 0 0.946614683 -0.322367281
vn 0 0.946616709 -0.322361261
vn 0 0.960684776 -0.277641714
vn 0 0.960685492 -0.27763921
vn 0 0.972642899 -0.232305363
vn 0 0.972643018 -0.232305199
vn 0 0.982462883 -0.186458498
vn 0 0.982462287 -0.186461896
vn 0 0.990122676 -0.140203491
vn 0 0.990122318 -0.140206307
vn 0 0.995606005 -0.093640916
vn 0 0.995606005 -0.0936409757
vn 0 0.99890101 -0.0468696281
vn 0 0.99890089 -0.0468727276
vn 0 0.99890089 0.0468727909
vn 0 0.99890101 0.0468695648
vn 0 0.995606005 0.093640916
vn 0 0.995606005 0.0936409757
vn 0 0.990122318 0.140206501
vn 0 0.990122795 0.140203193
vn 0 0.982462287 0.186461478
vn 0 0.982462823 0.186458901
vn 0 0.972642899 0.232305363
vn 0 0.972643018 0.232305199
vn 0 0.960685611 0.277638704
vn 0 0.960684597 0.277642071
vn 0 0.946616709 0.322361529
vn 0 0.946614802 0.322367013
vn 0 0.930466294 0.366377473
vn 0 0.930464208 0.366382897
vn 0 0.912270129 0.409589201
vn 0 0.912268877 0.409591913
vn 0 0.892069519 0.451898187
vn 0 0.892068207 0.45190075
vn 0 0.869905591 0.493218243
vn 0 0.869907022 0.493215889
vn 0 0.845831871 0.533449709
vn 0 0.819898129 0.572509587
vn 0 0.819898307 0.572509229
vn 0 0.792162895 0.61030972
vn 0 0.792161405 0.610311687
vn 0 0.762686193 0.64676863
vn 0 0.762685895 0.646769106
vn 0 0.731530786 0.681808472
vn 0 0.731529593 0.681809783
vn 0 0.698770821 0.715345681
vn 0 0.698769212 0.71534729
vn 0 0.664471924 0.747313201
vn 0 0.664473534 0.747311831
vn 0 0.628712416 0.777637899
vn 0 0.628712177 0.777638197
vn 0 0.591572165 0.806252003
vn 0 0.591571391 0.806252599
vn 0 0.553131878 0.833093703
vn 0 0.553131223 0.83309418
vn 0 0.513474226 0.858105004
vn 0 0.472688586 0.881229579
vn 0 0.472688913 0.881229401
vn 0 0.430863947 0.902416885
vn 0 0.430863649 0.902417004
vn 0 0.388091803 0.921620786
vn 0 0.388090909 0.921621084
vn 0 0.344467103 0.938798428
vn 0 0.344467372 0.938798308
vn 0 0.300083935 0.953912914
vn 0 0.300084084 0.953912795
vn 0 0.255042881 0.966929793
vn 0 0.255042672 0.966929793
vn 0 0.20944047 0.97782141
vn 0 0.209440872 0.97782129
vn 0 0.163376495 0.986563802
vn 0 0.163376585 0.986563802
vn 0 0.116955899 0.993137121
vn 0 0.116955712 0.99313724
vn 0 0.0702756494 0.997527599
vn 0 0.0702756569 0.997527599
vn 0 0.02344363 0.999725223
vn 0 -0.02344363 0.999725223
vn 0 -0.0702756569 0.997527599
vn 0 -0.0702756494 0.997527599
vn 0 -0.116955899 0.993137121
vn 0 -0.116955712 0.99313724
vn 0 -0.163376585 0.986563802
vn 0 -0.163376495 0.986563802
vn 0 -0.209440693 0.97782141
vn 0 -0.25504306 0.966929674
vn 0 -0.255042493 0.966929913
vn 0 -0.300084412 0.953912675
vn 0 -0.300083607 0.953912914
vn 0 -0.344467103 0.938798428
vn 0 -0.344467372 0.938798308
vn 0 -0.388091207 0.921621025
vn 0 -0.388091445 0.921620905
vn 0 -0.430863291 0.902417302
vn 0 -0.430864215 0.902416825
vn 0 -0.472688586 0.881229579
vn 0 -0.472688913 0.881229401
vn 0 -0.513474226 0.858105004
vn 0 -0.553131223 0.83309418
vn 0 -0.553131878 0.833093703
vn 0 -0.591571391 0.806252599
vn 0 -0.591572165 0.806252003
vn 0 -0.628711641 0.777638495
vn 0 -0.628712893 0.777637601
vn 0 -0.664473534 0.747311831
vn 0 -0.664471924 0.747313201
vn 0 -0.698769212 0.71534729
vn 0 -0.698770821 0.715345681
vn 0 -0.731529176 0.6818102
vn 0 -0.731531143 0.681808054
vn 0 -0.762686193 0.64676863
vn 0 -0.762685895 0.646769106
vn 0 -0.792161405 0.610311687
vn 0 -0.792162895 0.61030972
vn 0 -0.819898129 0.572509587
vn 0 -0.819898307 0.572509229
vn 0 -0.845831871 0.533449709
vn 0 -0.869907022 0.493215889
vn 0 -0.869905591 0.493218243
vn 0 -0.892068207 0.45190075
vn 0 -0.892069519 0.451898187
vn 0 -0.912268877 0.409591913
vn 0 -0.912270129 0.409589201
vn 0 -0.930464208 0.366382897
vn 0 -0.930466294 0.366377473
vn 0 -0.946614683 0.322367281
vn 0 -0.946616709 0.322361261
vn 0 -0.960684776 0.277641714
vn 0 -0.960685492 0.27763921
vn 0 -0.972642899 0.232305363
vn 0 -0.972643018 0.232305199
vn 0 -0.982462883 0.186458498
vn 0 -0.982462287 0.186461896
vn 0 -0.990122676 0.140203491
vn 0 -0.990122318 0.140206307
vn 0 -0.995606005 0.093640916
vn 0 -0.995606005 0.0936409757
vn 0 -0.99890101 0.0468696281
vn 0 -0.99890089 0.0468727276
vn 0 -0.99890089 -0.0468727909
vn 0 -0.99890101 -0.0468695648
vn 0 -0.995606005 -0.093640916
vn 0 -0.995606005 -0.0936409757
vn 0 -0.990122318 -0.140206501
vn 0 -0.990122795 -0.140203193
vn 0 -0.982462287 -0.186461478
vn 0 -0.982462823 -0.186458901
vn 0 -0.972642899 -0.232305363
vn 0 -0.972643018 -0.232305199
vn 0 -0.960685611 -0.277638704
vn 0 -0.960684597 -0.277642071
vn 0 -0.946616709 -0.322361529
vn 0 -0.946614802 -0.322367013
vn 0 -0.930466294 -0.366377473
vn 0 -0.930464208 -0.366382897
vn 0 -0.912270129 -0.409589201
vn 0 -0.912268877 -0.409591913
vn 0 -0.892069519 -0.451898187
vn 0 -0.892068207 -0.45190075
vn 0 -0.869905591 -0.493218243
vn 0 -0.869907022 -0.493215889
vn 0 -0.845831871 -0.533449709
vn 0 -0.819898129 -0.572509587
vn 0 -0.819898307 -0.572509229
vn 0 -0.792162895 -0.61030972
vn 0 -0.792161405 -0.610311687
vn 0 -0.762686193 -0.64676863
vn 0 -0.762685895 -0.646769106
vn 0 -0.731530786 -0.681808472
vn 0 -0.731529593 -0.681809783
vn 0 -0.698770821 -0.715345681
vn 0 -0.698769212 -0.71534729
vn 0 -0.664471924 -0.747313201
vn 0 -0.664473534 -0.747311831
vn 0 -0.628712416 -0.777637899
vn 0 -0.628712177 -0.777638197
vn 0 -0.591572165 -0.806252003
vn 0 -0.591571391 -0.806252599
vn 0 -0.553131878 -0.833093703
vn 0 -0.553131223 -0.83309418
vn 0 -0.513474226 -0.858105004
vn 0 -0.472688586 -0.881229579
vn 0 -0.472688913 -0.881229401
vn 0 -0.430863947 -0.902416885
vn 0 -0.430863649 -0.902417004
vn 0 -0.388091803 -0.921620786
vn 0 -0.388090909 -0.921621084
vn 0 -0.344467103 -0.938798428
vn 0 -0.344467372 -0.938798308
vn 0 -0.300083935 -0.953912914
vn 0 -0.300084084 -0.953912795
vn 0 -0.255042881 -0.966929793
vn 1 1.33877995e-06 0
vn 1 4.57895976e-06 0
vn 1 5.80711969e-07 0
vn 1 -1.19613003e-06 0
vn 1 1.13055e-06 0
vn 1 2.00052e-06 0
vn 1 -7.25304972e-07 0
vn 1 -2.52092013e-06 0
vn 1 -3.77686001e-06 0
vn 1 2.40474014e-06 0
vn 1 -4.88563001e-06 0
vn 1 1.82887998e-05 0
vn 1 -1.72681996e-06 0
vn 1 2.43391992e-06 0
vn 1 -1.00724003e-06 0
vn 1 1.33691003e-06 0
vn 1 -1.00839998e-06 0
vn 1 -6.68519021e-07 0
vn 1 1.00825002e-06 0
vn 1 -6.68798009e-07 0
vn 1 -8.57789985e-07 0
vn 1 -6.57404007e-06 0
vn 1 2.57263991e-06 0
vn 1 4.03103013e-06 0
vn 1 3.02503986e-06 0
vn 1 -5.34914034e-06 0
vn 1 5.04040031e-07 0
vn 1 5.35232039e-06 0
vn 1 -2.51905021e-06 0
vn 1 -1.51044003e-06 0
vn 1 2.02235015e-07 0
vn 1 5.04158038e-07 0
vn 1 2.51883012e-06 0
vn 1 1.00683997e-06 0
vn 1 5.0366998e-07 0
vn 1 -2.67397991e-06 0
vn 1 1.00828004e-06 0
vn 1 -1.33748006e-06 0
vn 1 -1.00796001e-06 0
vn 1 1.33841002e-06 0
vn 1 -1.00744001e-06 0
vn 1 -9.14727025e-06 0
vn 1 1.25969007e-06 0
vn 1 7.55841029e-07 0
vn 1 -1.82888998e-05 0
vn 1 -3.87443015e-06 0
vn 1 1.87418993e-06 0
vn 1 -1.87424996e-06 0
vn 1 4.28335989e-06 0
vn 1 5.29135968e-06 0
vn 1 -4.91421997e-06 0
vn 1 -4.53556004e-06 0
vn 1 -1.00801003e-06 0
vn 1 -3.77972015e-07 0
vn 1 -9.3944999e-07 0
vn 1 -5.35559002e-06 0
vn 1 -3.24777005e-07 0
vn 1 2.71990018e-07 0
vn 1 9.15793953e-06 0
vn 1 -9.2913906e-06 0
vn 1 1.56747012e-06 0
vn 1 -1.23453992e-05 0
vn 1 1.15778994e-05 0
vn 1 -1.06693997e-05 0
vn 1 -4.53780967e-06 0
vn 1 9.86808936e-06 0
vn 1 7.14811995e-06 0
vn 1 -3.83408997e-06 0
vn 1 -1.77206994e-06 0
vn 1 4.2357301e-06 0
vn 1 -7.38312019e-06 0
vn 1 -4.25877988e-05 0
vn 1 4.42834971e-05 0
vn 1 -2.66123006e-05 0
vn 1 -8.47699994e-06 0
vn 1 -1.24865992e-05 0
vn 1 2.38048997e-05 0
vn 1 -2.88521005e-06 0
vn 1 -1.43610996e-05 0
vn 1 -5.50279026e-07 0
vn 1 8.70917938e-05 0
vn 1 -1.48228e-05 0
vn 1 7.40221003e-05 0
vn 1 -2.3168699e-05 0
vn 1 -3.08301992e-06 0
vn 1 -0.000150143998 0
vn 1 2.34746003e-05 0
vn 1 -2.46781983e-05 0
vn 1 1.58877992e-05 0
vn 1 -1.06546995e-05 0
vn 1 1.1355999e-05 0
vn 1 1.90507001e-06 0
vn 1 3.66011e-06 0
vn 1 -1.00370999e-05 0
vn 1 1.48219999e-06 0
vn 1 2.89699005e-06 0
vn 1 -1.94466998e-06 0
vn 1 -2.81159987e-06 0
vn 1 -3.79397011e-06 0
vn 1 2.05686993e-05 0
vn 1 -1.17329e-05 0
vn 1 2.17196975e-05 0
vn 1 -9.35698972e-06 0
vn 1 -1.50115002e-05 0
vn 1 3.24704001e-06 0
vn 1 -2.44778994e-06 0
vn 1 2.20923994e-05 0
vn 1 7.21151036e-06 0
vn 1 -4.10235998e-06 0
vn 1 -2.33328001e-06 0
vn 1 -3.83679026e-06 0
vn 1 2.90133994e-06 0
vn 1 3.21003017e-06 0
vn 1 -1.23362988e-05 0
vn 1 1.10575993e-05 0
vn 1 -3.81617974e-05 0
vn 1 5.73734978e-05 0
vn 1 7.85706015e-06 0
vn 1 3.62275e-06 0
vn 1 -3.91684989e-05 0
vn 1 2.74575996e-05 0
vn 1 -1.38575001e-06 0
vn 1 -1.16441004e-06 0
vn 1 -8.80762036e-06 0
vn 1 1.04029996e-05 0
vn 1 5.14823023e-06 0
vn 1 2.18977993e-06 0
vn 1 9.36686047e-06 0
vn 1 1.59895001e-06 0
vn 1 -5.29360022e-06 0
vn 1 -2.74741001e-06 0
vn 1 -1.13445994e-05 0
vn 1 -1.49778998e-05 0
vn 1 6.08315986e-06 0
vn 1 -3.43308989e-06 0
vn 1 4.55336976e-06 0
vn 1 -5.8033097e-06 0
vn 1 1.96885981e-06 0
vn 1 -4.36206028e-06 0
vn 1 3.46236993e-06 0
vn 1 -1.09104003e-05 0
vn 1 -3.91508001e-06 0
vn 1 -4.20555034e-06 0
vn 1 2.45687011e-06 0
vn 1 3.57731005e-06 0
vn 1 -1.89961008e-06 0
vn 1 1.44376008e-06 0
vn 1 -1.46277998e-05 0
vn 1 5.52745996e-06 0
vn 1 6.30238992e-06 0
vn 1 4.92470972e-05 0
vn 1 -2.86739978e-05 0
vn 1 5.49013976e-06 0
vn 1 -8.51788081e-06 0
vn 1 6.83499002e-06 0
vn 1 5.66502013e-06 0
vn 1 -9.10418021e-06 0
vn 1 1.10229003e-05 0
vn 1 -7.4773402e-06 0
vn 1 1.8733499e-05 0
vn 1 1.17859997e-06 0
vn 0 -0.069756031 0.997564077
vn 0 -0.0697558522 0.997564077
vn 0 -0.207912669 0.978147388
vn 0 -0.207912028 0.978147626
vn 0 -0.3420192 0.939692974
vn 0 -0.342020392 0.939692616
vn 0 -0.469469696 0.882948577
vn 0 -0.46947071 0.882948101
vn 0 -0.587788641 0.809014559
vn 0 -0.587785065 0.809017062
vn 0 -0.694654226 0.719343841
vn 0 -0.694659829 0.719338477
vn 0 -0.788009226 0.615663409
vn 0 -0.788014591 0.615656614
vn 0 -0.866024315 0.500002027
vn 0 -0.927184284 0.374605507
vn 0 -0.927184701 0.374604613
vn 0 -0.970295787 0.241922006
vn 0 -0.970295906 0.241921365
vn 0 -0.994522214 0.104525901
vn 0 -0.999390781 -0.0349008404
vn 0 -0.999391198 -0.0348898098
vn 0 -0.984806716 -0.173654303
vn 0 -0.984808624 -0.173643202
vn 0 -0.951056063 -0.309018284
vn 0 -0.951055944 -0.309019119
vn 0 -0.898794889 -0.438369572
vn 0 -0.829035878 -0.559195399
vn 0 -0.743146777 -0.669128478
vn 0 -0.743144035 -0.669131577
vn 0 -0.642789066 -0.766043186
vn 0 -0.642786324 -0.76604557
vn 0 -0.529919624 -0.848047912
vn 0 -0.529923558 -0.848045409
vn 0 -0.406733513 -0.91354692
vn 0 -0.406738847 -0.913544595
vn 0 -0.275639087 -0.961261213
vn 0 -0.275636971 -0.961261809
vn 0 -0.139171794 -0.99026829
vn 0 -0.139173687 -0.990267992
vn 0 -0.0348951183 -0.999391019
vn 0 -0.0348947011 -0.999391079
vn 0 0.0348951183 -0.999391019
vn 0 0.0348947011 -0.999391079
vn 0 0.139173403 -0.990268111
vn 0 0.139172897 -0.990268111
vn 0 0.275639087 -0.961261213
vn 0 0.2756356 -0.961262226
vn 0 0.406737596 -0.913545012
vn 0 0.406736702 -0.913545489
vn 0 0.529922068 -0.848046303
vn 0 0.529918551 -0.848048508
vn 0 0.642789066 -0.766043186
vn 0 0.642786324 -0.76604557
vn 0 0.743144035 -0.669131577
vn 0 0.743146777 -0.669128478
vn 0 0.829035878 -0.559195399
vn 0 0.829038501 -0.559191585
vn 0 0.898792684 -0.438373953
vn 0 0.898794889 -0.438369572
vn 0 0.951056063 -0.309018284
vn 0 0.951057494 -0.309014231
vn 0 0.984807611 -0.173648983
vn 0 0.984807789 -0.173648506
vn 0 0.999390781 -0.0349008404
vn 0 0.999391019 -0.0348953605
vn 0 0.994522214 0.104525901
vn 0 0.994521558 0.104531385
vn 0 0.970297098 0.241916835
vn 0 0.970294595 0.241926596
vn 0 0.927184284 0.374605507
vn 0 0.927184701 0.374604613
vn 0 0.866024315 0.500002027
vn 0 0.788014591 0.615656614
vn 0 0.788009226 0.615663409
vn 0 0.694657028 0.719341218
vn 0 0.694659829 0.719338477
vn 0 0.587786019 0.809016526
vn 0 0.587782502 0.809019089
vn 0 0.469474196 0.882946193
vn 0 0.46947071 0.882948101
vn 0 0.3420192 0.939692974
vn 0 0.342020392 0.939692616
vn 0 0.207912669 0.978147388
vn 0 0.207909763 0.978147984
vn 0 0.069756031 0.997564077
vn 0 0.0697566196 0.997564077
vn 1 1.28427e-05 0
vn 1 -5.74874957e-06 0
vn 1 1.31720992e-06 0
vn 1 -1.71236989e-05 0
vn 1 -5.26883969e-06 0
vn 1 7.90320973e-06 0
vn 1 -5.26881968e-06 0
vn 1 9.87903036e-07 0
vn 1 1.97579993e-06 0
vn 1 -2.63440984e-06 0
vn 1 5.26883969e-06 0
vn 1 -7.90319973e-06 0
vn 1 -2.63441984e-06 0
vn 1 2.63442985e-06 0
vn 1 -2.10753005e-05 0
vn 1 -5.26880967e-06 0
vn 1 1.71236989e-05 0
vn 0 -0.0697563216 0.997564077
vn 0 -0.207913101 0.978147328
vn 0 -0.207910895 0.978147805
vn 0 -0.342022806 0.939691722
vn 0 -0.342018604 0.939693213
vn 0 -0.587787688 0.809015214
vn 0 -0.587783396 0.809018373
vn 0 -0.694657028 0.719341218
vn 0 -0.694657743 0.719340444
vn 0 -0.788013518 0.615657926
vn 0 -0.866029084 0.499993593
vn 0 -0.927180886 0.37461406
vn 0 -0.97029829 0.241911605
vn 0 -0.994521022 0.104536802
vn 0 -0.999390781 -0.0349007808
vn 0 -0.984808624 -0.173643693
vn 0 -0.984806776 -0.173653901
vn 0 -0.951059103 -0.309009105
vn 0 -0.898795426 -0.43836841
vn 0 -0.898790479 -0.438378453
vn 0 -0.829041004 -0.55918777
vn 0 -0.829035103 -0.559196711
vn 0 -0.743145287 -0.669130206
vn 0 -0.529917598 -0.848049223
vn 0 -0.529918551 -0.848048508
vn 0 -0.40673551 -0.913546026
vn 0 -0.406736702 -0.913545489
vn 0 -0.275639385 -0.961261094
vn 0 -0.275636405 -0.961261988
vn 0 -0.139172599 -0.990268171
vn 0 -0.139172897 -0.990268111
vn 0 0 -1
vn 0 0.139174104 -0.990267992
vn 0 0.275636405 -0.961261988
vn 0 0.40673551 -0.913546026
vn 0 0.406738847 -0.913544595
vn 0 0.529917598 -0.848049223
vn 0 0.743148029 -0.669127107
vn 0 0.829037607 -0.559192896
vn 0 0.898793221 -0.43837291
vn 0 0.951055944 -0.309019119
vn 0 0.99939096 -0.0348952375
vn 0 0.970295787 0.241922006
vn 0 0.970297217 0.241916195
vn 0 0.927182794 0.374609411
vn 0 0.8660267 0.499997735
vn 0 0.788010895 0.615661323
vn 0 0.694660485 0.719337821
vn 0 0.587785065 0.809017062
vn 0 0.587783396 0.809018373
vn 0 0.469469696 0.882948577
vn 0 0.342018604 0.939693213
vn 0 0.207913101 0.978147328
vn 0 0.207910895 0.978147805
vn 0 0.0697563216 0.997564077
vn 1 -9.8790706e-06 0
vn 1 9.87903059e-06 0
vn 1 2.10753005e-05 0
vn 1 1.44893002e-05 0
vn 1 1.97580994e-06 0
vn 1 -5.26882968e-06 0
vn 1 -9.22046002e-06 0
vn 1 1.05376994e-05 0
vn 1 2.10753988e-05 0
vn 1 -1.18547996e-05 0
vn 1 2.63440984e-06 0
vn 1 8.23254959e-06 0
vn 1 -1.64649991e-05 0
vn 1 1.64650992e-05 0
vn 1 -8.23252049e-06 0
vn 1 -1.05376994e-05 0
vn 1 1.18548996e-05 0
vn 1 9.22042e-06 0
vn 1 -1.97580994e-06 0
vn 1 -1.44892001e-05 0
vn 0 -0.418450505 -0.908239603
vn 0 -0.418451399 -0.908239186
vn 0 -0.329039901 -0.944316089
vn 0 -0.329041213 -0.944315612
vn 0 -0.236570194 -0.97161448
vn 0 -0.236570194 -0.97161442
vn 0 -0.141901478 -0.9898808
vn 0 -0.141901404 -0.9898808
vn 0 -0.0459133312 -0.998945475
vn 0 -0.0459132083 -0.998945415
vn 0 0.0505015217 -0.998723984
vn 0 0.0505015142 -0.998723984
vn 0 0.146446705 -0.989218593
vn 0 0.146446094 -0.989218712
vn 0 0.241030499 -0.970517576
vn 0 0.333373219 -0.942795038
vn 0 0.33337304 -0.942795098
vn 0 0.422618568 -0.906307697
vn 0 0.422618896 -0.906307518
vn 0 0.507934272 -0.861395895
vn 0 0.507933915 -0.861396074
vn 0 0.588527143 -0.808477402
vn 0 0.588528454 -0.808476508
vn 0 0.663650095 -0.74804312
vn 0 0.663651347 -0.748042047
vn 0 0.732606232 -0.680652738
vn 0 0.732605696 -0.680653274
vn 0 0.79474932 -0.606937885
vn 0 0.849504828 -0.527580976
vn 0 0.849505305 -0.527580023
vn 0 0.896364093 -0.443318754
vn 0 0.896363676 -0.443319589
vn 0 0.93489176 -0.354932874
vn 0 0.934890211 -0.354937196
vn 0 0.964727163 -0.263251662
vn 0 0.964726806 -0.263253063
vn 0 0.887010872 -0.461748511
vn 0 0.887010515 -0.461749285
vn 0 -0.962059796 0.272838891
vn 0 -0.962059081 0.272841185
vn 0 -0.97629571 0.216441199
vn 0 -0.976296186 0.21643877
vn 0 -0.987229407 0.159305602
vn 0 -0.98722899 0.159308001
vn 0 -0.994821489 0.101637684
vn 0 -0.994821787 0.101635501
vn 0 -0.999048293 0.043619331
vn 0 -0.999048412 0.0436168313
vn 0 -0.999894321 -0.0145413801
vn 0 -0.999894202 -0.0145463301
vn 0 -0.99735719 -0.0726556182
vn 0 -0.997356892 -0.0726580545
vn 0 -0.991444409 -0.130529478
vn 0 -0.991445065 -0.130524382
vn 0 -0.982178271 -0.187951595
vn 0 -0.982177794 -0.187954426
vn 0 -0.969587803 -0.244744107
vn 0 -0.953716576 -0.300707191
vn 0 -0.953718007 -0.300702602
vn 0 -0.934618294 -0.355652511
vn 0 -0.934619904 -0.35564816
vn 0 -0.912358522 -0.409392297
vn 0 -0.912357986 -0.4093934
vn 0 -0.887010694 -0.461748928
vn 0 -0.88701117 -0.461748004
vn 0 -0.858660877 -0.512544274
vn 0 -0.858663023 -0.512540698
vn 0 -0.827408016 -0.561601281
vn 0 -0.8274073 -0.561602414
vn 0 -0.793354392 -0.608760118
vn 0 -0.793352306 -0.60876286
vn 0 -0.756615996 -0.653859615
vn 0 -0.756613493 -0.653862417
vn 0 -0.717315793 -0.696748316
vn 0 -0.717315674 -0.696748316
vn 0 -0.675589919 -0.737277627
vn 0 -0.675589979 -0.737277508
vn 0 -0.631579399 -0.775311172
vn 0 -0.631576777 -0.775313377
vn 0 -0.585430205 -0.810722828
vn 0 -0.585429549 -0.810723305
vn 0 -0.537298858 -0.843391895
vn 0 -0.537299931 -0.84339118
vn 0 -0.487352908 -0.873205185
vn 0 -0.487350941 -0.873206198
vn 0 0.300706208 0.953716815
vn 0 0.300705403 0.953717172
vn 0 0.4960168 0.868313015
vn 0 0.496017188 0.868312716
vn 0 0.410090595 0.912044823
vn 0 0.410091102 0.912044585
vn 0 0.320352286 0.947298527
vn 0 0.320352077 0.947298586
vn 0 0.227635503 0.973746479
vn 0 0.227635399 0.973746419
vn 0 0.132802099 0.991142571
vn 0 0.132802203 0.991142571
vn 0 0.0367350504 0.999325097
vn 0 0.0367351733 0.999325097
vn 0 -0.0596723408 0.998218
vn 0 -0.0596724637 0.998218
vn 0 -0.1555271 0.987831712
vn 0 -0.249935925 0.968262494
vn 0 -0.249936372 0.968262255
vn 0 -0.342020214 0.939692616
vn 0 -0.34202069 0.939692497
vn 0 -0.430925399 0.902387619
vn 0 -0.430925995 0.902387321
vn 0 -0.515824676 0.856694221
vn 0 -0.515824258 0.8566944
vn 0 -0.595930576 0.803035975
vn 0 -0.595930159 0.803036392
vn 0 -0.670494378 0.74191463
vn 0 -0.738826752 0.673895419
vn 0 -0.738827825 0.673894286
vn 0 -0.800290227 0.599612892
vn 0 -0.800291479 0.599611223
vn 0 -0.854315102 0.519755363
vn 0 -0.854315698 0.51975435
vn 0 -0.900399566 0.435063839
vn 0 -0.900398374 0.435066342
vn 0 -0.93811202 0.346332014
vn 0 -0.843391776 0.537299216
vn 0 -0.84339118 0.53730005
vn 0 0.982177913 -0.187953994
vn 0 0.982178211 -0.187952101
vn 0 0.991445124 -0.130524695
vn 0 0.991444528 -0.130529195
vn 0 0.997356892 -0.0726580545
vn 0 0.99735719 -0.0726556182
vn 0 0.999894202 -0.0145462677
vn 0 0.999894321 -0.0145414397
vn 0 0.999048412 0.0436168313
vn 0 0.999048293 0.043619331
vn 0 0.994821727 0.1016353
vn 0 0.994821489 0.101637982
vn 0 0.98722899 0.159308001
vn 0 0.987229407 0.159305602
vn 0 0.976296186 0.21643877
vn 0 0.97629571 0.216441199
vn 0 0.962059081 0.272841185
vn 0 0.962059796 0.272838891
vn 0 0.9445678 0.328316629
vn 0 0.944568098 0.328315824
vn 0 0.923879802 0.382683069
vn 0 0.923878908 0.382685095
vn 0 0.900066912 0.435751945
vn 0 0.900064886 0.435755938
vn 0 0.873206794 0.487350047
vn 0 0.873205185 0.487352908
vn 0 0.843391895 0.537298858
vn 0 0.843390882 0.537300587
vn 0 0.810721874 0.585431576
vn 0 0.810723901 0.585428774
vn 0 0.775312424 0.631578028
vn 0 0.775312185 0.631578326
vn 0 0.737276375 0.67559129
vn 0 0.737278759 0.675588667
vn 0 0.696748316 0.717315674
vn 0 0.696748316 0.717315793
vn 0 0.653860986 0.756614804
vn 0 0.608762085 0.793352902
vn 0 0.608759463 0.793354809
vn 0 0.561602414 0.8274073
vn 0 0.561601102 0.827408195
vn 0 -0.216439605 -0.976296008
vn 0 -0.21643953 -0.976296127
vn 1 8.40550001e-06 0
vn 1 -2.38714001e-05 0
vn 1 2.10713006e-05 0
vn 1 -6.69171982e-07 0
vn 1 -1.92036987e-05 0
vn 1 -2.67176006e-06 0
vn 1 6.65491029e-07 0
vn 1 6.5128296e-07 0
vn 1 -2.64744995e-06 0
vn 1 -1.00190994e-06 0
vn 1 1.00375996e-06 0
vn 1 -1.84373994e-06 0
vn 1 1.56243987e-05 0
vn 1 -1.20729992e-05 0
vn 1 1.3172099e-05 0
vn 1 -9.77672971e-06 0
vn 1 1.05857998e-05 0
vn 1 -1.67861999e-05 0
vn 1 -3.93600004e-07 0
vn 1 1.55607995e-05 0
vn 1 1.88473996e-06 0
vn 1 -6.19023012e-07 0
vn 1 2.39544011e-06 0
vn 1 1.1546299e-05 0
vn 1 -1.65460988e-05 0
vn 1 6.65276002e-06 0
vn 1 -1.37817997e-05 0
vn 1 1.26731002e-05 0
vn 1 -9.62526065e-06 0
vn 1 3.75575996e-06 0
vn 1 1.50640999e-05 0
vn 1 -3.32745003e-07 0
vn 1 6.61862998e-07 0
vn 1 -6.57105033e-07 0
vn 1 6.44473005e-07 0
vn 1 6.36762991e-07 0
vn 1 -2.51299002e-06 0
vn 1 -5.77791013e-07 0
vn 1 1.91171002e-05 0
vn 1 2.12128998e-05 0
vn 1 -2.44271996e-05 0
vn 1 1.93341998e-06 0
vn 1 -1.42650997e-05 0
vn 1 -4.06192021e-06 0

# Mesh 'UArm-V3_6-End_joint-simplified_004-mesh' with 2290 faces
g UArm-V3_6-End_joint-simplified_004-mesh
f  1//1 2//1 3//1
f  3//2 2//2 4//2
f  5//3 6//3 7//3
f  7//4 6//4 8//4
f  7//4 8//4 9//5
f  9//6 8//6 10//6
f  9//6 10//6 11//7
f  11//8 10//8 12//8
f  11//8 12//8 13//9
f  13//10 12//10 14//10
f  13//10 14//10 15//10
f  15//11 14//11 16//11
f  15//11 16//11 17//12
f  17//13 16//13 18//13
f  17//13 18//13 19//14
f  19//15 18//15 20//15
f  19//15 20//15 21//15
f  21//16 20//16 22//16
f  21//16 22//16 23//17
f  23//18 22//18 24//18
f  23//18 24//18 25//18
f  25//19 24//19 26//19
f  25//19 26//19 27//20
f  27//21 26//21 28//21
f  27//21 28//21 29//22
f  29//23 28//23 30//23
f  29//23 30//23 31//23
f  31//24 30//24 32//24
f  31//24 32//24 33//25
f  33//26 32//26 34//26
f  33//26 34//26 35//27
f  35//28 34//28 36//28
f  35//28 36//28 37//28
f  37//29 36//29 1//29
f  37//29 1//29 38//30
f  38//1 1//1 3//1
f  2//2 39//2 4//2
f  4//31 39//31 40//31
f  4//31 40//31 41//32
f  41//33 40//33 42//33
f  41//33 42//33 43//33
f  43//34 42//34 44//34
f  43//34 44//34 45//35
f  45//36 44//36 46//36
f  45//36 46//36 47//37
f  47//38 46//38 48//38
f  47//38 48//38 49//38
f  49//39 48//39 50//39
f  49//39 50//39 51//40
f  51//41 50//41 52//41
f  51//41 52//41 53//42
f  53//43 52//43 54//43
f  53//43 54//43 55//43
f  55//44 54//44 56//44
f  55//44 56//44 57//45
f  57//46 56//46 58//46
f  57//46 58//46 59//46
f  59//47 58//47 60//47
f  59//47 60//47 61//48
f  61//49 60//49 62//49
f  61//49 62//49 63//50
f  63//51 62//51 64//51
f  63//51 64//51 65//51
f  65//52 64//52 66//52
f  65//52 66//52 67//53
f  67//54 66//54 68//54
f  67//54 68//54 69//55
f  69//56 68//56 70//56
f  69//56 70//56 71//57
f  71//58 70//58 72//58
f  71//58 72//58 73//59
f  73//60 72//60 74//60
f  73//60 74//60 75//60
f  75//61 74//61 76//61
f  75//61 76//61 77//61
f  77//62 76//62 78//62
f  77//62 78//62 79//62
f  79//63 78//63 80//63
f  79//63 80//63 81//63
f  81//64 80//64 82//64
f  81//64 82//64 83//64
f  83//65 82//65 84//65
f  83//65 84//65 85//66
f  85//67 84//67 86//67
f  85//67 86//67 87//68
f  87//69 86//69 88//69
f  87//69 88//69 89//69
f  89//70 88//70 90//70
f  89//70 90//70 91//70
f  91//71 90//71 92//71
f  91//71 92//71 93//71
f  93//72 92//72 94//72
f  93//72 94//72 95//72
f  95//73 94//73 96//73
f  95//73 96//73 97//73
f  97//74 96//74 98//74
f  97//74 98//74 99//74
f  99//75 98//75 100//75
f  99//75 100//75 101//76
f  101//77 100//77 102//77
f  101//77 102//77 103//78
f  103//79 102//79 104//79
f  103//79 104//79 105//80
f  105//81 104//81 106//81
f  105//81 106//81 107//82
f  107//83 106//83 108//83
f  107//83 108//83 109//84
f  109//85 108//85 110//85
f  109//85 110//85 111//86
f  111//87 110//87 112//87
f  111//87 112//87 113//88
f  113//89 112//89 114//89
f  113//89 114//89 115//89
f  115//90 114//90 116//90
f  115//90 116//90 117//91
f  117//92 116//92 118//92
f  117//92 118//92 119//93
f  119//94 118//94 120//94
f  119//94 120//94 121//95
f  121//96 120//96 122//96
f  121//96 122//96 123//97
f  123//98 122//98 124//98
f  123//98 124//98 125//99
f  125//100 124//100 126//100
f  125//100 126//100 127//101
f  127//102 126//102 128//102
f  127//102 128//102 129//103
f  129//104 128//104 130//104
f  129//104 130//104 131//104
f  131//105 130//105 132//105
f  131//105 132//105 133//105
f  133//106 132//106 134//106
f  133//106 134//106 135//106
f  135//107 134//107 136//107
f  135//107 136//107 137//108
f  137//109 136//109 138//109
f  137//109 138//109 139//110
f  139//111 138//111 140//111
f  139//111 140//111 141//112
f  141//113 140//113 142//113
f  141//113 142//113 143//113
f  143//114 142//114 144//114
f  143//114 144//114 145//115
f  145//116 144//116 146//116
f  145//116 146//116 147//117
f  147//118 146//118 148//118
f  147//118 148//118 149//119
f  149//120 148//120 150//120
f  149//120 150//120 151//121
f  151//122 150//122 152//122
f  151//122 152//122 153//122
f  153//123 152//123 154//123
f  153//123 154//123 155//124
f  155//125 154//125 156//125
f  155//125 156//125 157//126
f  157//127 156//127 158//127
f  157//127 158//127 159//127
f  159//128 158//128 160//128
f  159//128 160//128 161//129
f  161//130 160//130 162//130
f  161//130 162//130 163//130
f  163//131 162//131 164//131
f  163//131 164//131 165//131
f  165//132 164//132 166//132
f  165//132 166//132 167//133
f  167//134 166//134 168//134
f  167//134 168//134 169//135
f  169//136 168//136 170//136
f  169//136 170//136 171//137
f  171//138 170//138 172//138
f  171//138 172//138 173//139
f  173//140 172//140 174//140
f  173//140 174//140 175//141
f  175//142 174//142 176//142
f  175//142 176//142 177//142
f  177//143 176//143 178//143
f  177//143 178//143 179//144
f  179//145 178//145 180//145
f  179//145 180//145 181//145
f  181//146 180//146 182//146
f  181//146 182//146 183//146
f  183//147 182//147 184//147
f  183//147 184//147 185//147
f  185//148 184//148 186//148
f  185//148 186//148 187//148
f  187//149 186//149 188//149
f  187//149 188//149 189//150
f  189//151 188//151 190//151
f  189//151 190//151 191//151
f  191//152 190//152 192//152
f  191//152 192//152 193//153
f  193//154 192//154 194//154
f  193//154 194//154 195//155
f  195//156 194//156 196//156
f  195//156 196//156 197//157
f  197//158 196//158 198//158
f  197//158 198//158 199//159
f  199//160 198//160 200//160
f  199//160 200//160 201//161
f  201//162 200//162 202//162
f  201//162 202//162 203//162
f  203//163 202//163 204//163
f  203//163 204//163 205//163
f  205//164 204//164 206//164
f  205//164 206//164 207//165
f  207//166 206//166 208//166
f  207//166 208//166 209//166
f  209//167 208//167 210//167
f  209//167 210//167 211//168
f  211//169 210//169 212//169
f  211//169 212//169 213//170
f  213//171 212//171 214//171
f  213//171 214//171 215//171
f  215//172 214//172 216//172
f  215//172 216//172 217//173
f  217//174 216//174 218//174
f  217//174 218//174 219//175
f  219//176 218//176 220//176
f  219//176 220//176 221//177
f  221//178 220//178 222//178
f  221//178 222//178 223//179
f  223//180 222//180 224//180
f  223//180 224//180 225//180
f  225//181 224//181 226//181
f  225//181 226//181 227//182
f  227//183 226//183 228//183
f  227//183 228//183 229//184
f  229//185 228//185 230//185
f  229//185 230//185 231//186
f  231//187 230//187 232//187
f  231//187 232//187 233//187
f  233//188 232//188 234//188
f  233//188 234//188 235//188
f  235//189 234//189 236//189
f  235//189 236//189 237//189
f  237//190 236//190 238//190
f  237//190 238//190 239//191
f  239//192 238//192 240//192
f  239//192 240//192 241//193
f  241//194 240//194 242//194
f  241//194 242//194 243//195
f  243//196 242//196 244//196
f  243//196 244//196 245//197
f  245//198 244//198 246//198
f  245//198 246//198 247//199
f  247//200 246//200 248//200
f  247//200 248//200 249//201
f  249//202 248//202 250//202
f  249//202 250//202 251//203
f  251//204 250//204 252//204
f  251//204 252//204 253//204
f  253//205 252//205 254//205
f  253//205 254//205 255//206
f  255//207 254//207 256//207
f  255//207 256//207 257//208
f  257//209 256//209 258//209
f  257//209 258//209 259//210
f  259//211 258//211 260//211
f  259//211 260//211 261//212
f  261//213 260//213 262//213
f  261//213 262//213 263//214
f  263//215 262//215 264//215
f  263//215 264//215 265//216
f  265//217 264//217 266//217
f  265//217 266//217 267//218
f  267//219 266//219 268//219
f  267//219 268//219 269//219
f  269//220 268//220 270//220
f  269//220 270//220 271//220
f  271//221 270//221 272//221
f  271//221 272//221 273//221
f  273//222 272//222 274//222
f  273//222 274//222 275//222
f  275//223 274//223 276//223
f  275//223 276//223 277//223
f  277//224 276//224 278//224
f  277//224 278//224 279//224
f  279//225 278//225 280//225
f  279//225 280//225 281//226
f  281//227 280//227 282//227
f  281//227 282//227 283//228
f  283//229 282//229 284//229
f  283//229 284//229 285//229
f  285//230 284//230 286//230
f  285//230 286//230 287//230
f  287//231 286//231 288//231
f  287//231 288//231 289//231
f  289//232 288//232 290//232
f  289//232 290//232 291//232
f  291//233 290//233 292//233
f  291//233 292//233 5//233
f  5//3 292//234 6//3
f  293//235 85//235 294//235
f  294//235 85//235 87//235
f  294//235 87//235 295//235
f  295//235 87//235 89//235
f  295//235 89//235 296//235
f  296//235 89//235 91//235
f  296//235 91//235 297//235
f  298//235 187//235 299//235
f  299//235 187//235 189//235
f  299//235 189//235 300//235
f  300//235 189//235 191//235
f  300//235 191//235 301//235
f  301//235 191//235 193//235
f  301//235 193//235 302//235
f  303//235 179//235 304//235
f  304//235 179//235 181//235
f  304//235 181//235 305//235
f  305//235 181//235 183//235
f  305//235 183//235 298//235
f  298//235 183//235 185//235
f  298//235 185//235 187//235
f  306//235 169//235 307//235
f  307//235 169//235 171//235
f  307//235 171//235 308//235
f  308//235 171//235 173//235
f  308//235 173//235 309//235
f  309//235 173//235 175//235
f  309//235 175//235 303//235
f  303//235 175//235 177//235
f  303//235 177//235 179//235
f  310//235 159//235 311//235
f  311//235 159//235 161//235
f  311//235 161//235 312//235
f  312//235 161//235 163//235
f  312//235 163//235 313//235
f  313//235 163//235 165//235
f  313//235 165//235 306//235
f  306//235 165//235 167//235
f  306//235 167//235 169//235
f  314//235 21//235 315//235
f  315//235 21//235 23//235
f  315//235 23//235 316//235
f  316//235 23//235 25//235
f  316//235 25//235 317//235
f  317//235 25//235 27//235
f  317//235 27//235 318//235
f  319//235 131//235 320//235
f  320//235 131//235 133//235
f  320//235 133//235 321//235
f  321//235 133//235 135//235
f  321//235 135//235 322//235
f  322//235 135//235 137//235
f  322//235 137//235 323//235
f  91//235 93//235 297//235
f  297//235 93//235 95//235
f  297//235 95//235 324//235
f  324//235 95//235 97//235
f  324//235 97//235 325//235
f  325//235 97//235 99//235
f  325//235 99//235 326//235
f  327//235 151//235 328//235
f  328//235 151//235 153//235
f  328//235 153//235 329//235
f  329//235 153//235 155//235
f  329//235 155//235 310//235
f  310//235 155//235 157//235
f  310//235 157//235 159//235
f  137//235 139//235 323//235
f  323//235 139//235 141//235
f  323//235 141//235 330//235
f  330//235 141//235 143//235
f  330//235 143//235 331//235
f  331//235 143//235 145//235
f  331//235 145//235 332//235
f  332//235 145//235 147//235
f  332//235 147//235 327//235
f  327//235 147//235 149//235
f  327//235 149//235 151//235
f  333//235 123//235 334//235
f  334//235 123//235 125//235
f  334//235 125//235 335//235
f  335//235 125//235 127//235
f  335//235 127//235 319//235
f  319//235 127//235 129//235
f  319//235 129//235 131//235
f  336//235 113//235 337//235
f  337//235 113//235 115//235
f  337//235 115//235 338//235
f  338//235 115//235 117//235
f  338//235 117//235 339//235
f  339//235 117//235 119//235
f  339//235 119//235 333//235
f  333//235 119//235 121//235
f  333//235 121//235 123//235
f  99//235 101//235 326//235
f  326//235 101//235 103//235
f  326//235 103//235 340//235
f  340//235 103//235 105//235
f  340//235 105//235 341//235
f  341//235 105//235 107//235
f  341//235 107//235 342//235
f  342//235 107//235 109//235
f  342//235 109//235 336//235
f  336//235 109//235 111//235
f  336//235 111//235 113//235
f  343//235 11//235 344//235
f  344//235 11//235 13//235
f  344//235 13//235 345//235
f  345//235 13//235 15//235
f  345//235 15//235 346//235
f  346//235 15//235 17//235
f  346//235 17//235 314//235
f  314//235 17//235 19//235
f  314//235 19//235 21//235
f  347//235 75//235 348//235
f  348//235 75//235 77//235
f  348//235 77//235 349//235
f  349//235 77//235 79//235
f  349//235 79//235 350//235
f  350//235 79//235 81//235
f  350//235 81//235 293//235
f  293//235 81//235 83//235
f  293//235 83//235 85//235
f  351//235 67//235 352//235
f  352//235 67//235 69//235
f  352//235 69//235 353//235
f  353//235 69//235 71//235
f  353//235 71//235 347//235
f  347//235 71//235 73//235
f  347//235 73//235 75//235
f  354//235 263//235 355//235
f  355//235 263//235 265//235
f  355//235 265//235 356//235
f  356//235 265//235 267//235
f  356//235 267//235 357//235
f  358//235 253//235 359//235
f  359//235 253//235 255//235
f  359//235 255//235 360//235
f  360//235 255//235 257//235
f  360//235 257//235 361//235
f  361//235 257//235 259//235
f  361//235 259//235 354//235
f  354//235 259//235 261//235
f  354//235 261//235 263//235
f  193//235 195//235 302//235
f  302//235 195//235 197//235
f  302//235 197//235 362//235
f  362//235 197//235 199//235
f  362//235 199//235 363//235
f  363//235 199//235 201//235
f  363//235 201//235 364//235
f  364//235 201//235 203//235
f  364//235 203//235 365//235
f  366//235 57//235 367//235
f  367//235 57//235 59//235
f  367//235 59//235 368//235
f  368//235 59//235 61//235
f  368//235 61//235 369//235
f  369//235 61//235 63//235
f  369//235 63//235 351//235
f  351//235 63//235 65//235
f  351//235 65//235 67//235
f  38//235 370//235 371//235
f  372//235 291//235 373//235
f  373//235 291//235 5//235
f  373//235 5//235 374//235
f  374//235 5//235 7//235
f  374//235 7//235 343//235
f  343//235 7//235 9//235
f  343//235 9//235 11//235
f  375//235 243//235 376//235
f  376//235 243//235 245//235
f  376//235 245//235 377//235
f  377//235 245//235 247//235
f  377//235 247//235 378//235
f  378//235 247//235 249//235
f  378//235 249//235 358//235
f  358//235 249//235 251//235
f  358//235 251//235 253//235
f  379//235 235//235 380//235
f  380//235 235//235 237//235
f  380//235 237//235 381//235
f  381//235 237//235 239//235
f  381//235 239//235 375//235
f  375//235 239//235 241//235
f  375//235 241//235 243//235
f  382//235 225//235 383//235
f  383//235 225//235 227//235
f  383//235 227//235 384//235
f  384//235 227//235 229//235
f  384//235 229//235 385//235
f  385//235 229//235 231//235
f  385//235 231//235 379//235
f  379//235 231//235 233//235
f  379//235 233//235 235//235
f  38//235 3//235 370//235
f  370//235 3//235 4//235
f  370//235 4//235 386//235
f  386//235 4//235 41//235
f  386//235 41//235 387//235
f  387//235 41//235 43//235
f  387//235 43//235 388//235
f  27//235 29//235 318//235
f  318//235 29//235 31//235
f  318//235 31//235 389//235
f  389//235 31//235 33//235
f  389//235 33//235 390//235
f  390//235 33//235 35//235
f  390//235 35//235 371//235
f  371//235 35//235 37//235
f  371//235 37//235 38//235
f  391//235 281//235 392//235
f  392//235 281//235 283//235
f  392//235 283//235 393//235
f  393//235 283//235 285//235
f  393//235 285//235 394//235
f  394//235 285//235 287//235
f  394//235 287//235 372//235
f  372//235 287//235 289//235
f  372//235 289//235 291//235
f  267//235 269//235 357//235
f  357//235 269//235 271//235
f  357//235 271//235 395//235
f  395//235 271//235 273//235
f  395//235 273//235 396//235
f  396//235 273//235 275//235
f  396//235 275//235 397//235
f  397//235 275//235 277//235
f  397//235 277//235 391//235
f  391//235 277//235 279//235
f  391//235 279//235 281//235
f  398//235 215//235 399//235
f  399//235 215//235 217//235
f  399//235 217//235 400//235
f  400//235 217//235 219//235
f  400//235 219//235 401//235
f  401//235 219//235 221//235
f  401//235 221//235 382//235
f  382//235 221//235 223//235
f  382//235 223//235 225//235
f  203//235 205//235 365//235
f  365//235 205//235 207//235
f  365//235 207//235 402//235
f  402//235 207//235 209//235
f  402//235 209//235 403//235
f  403//235 209//235 211//235
f  403//235 211//235 398//235
f  398//235 211//235 213//235
f  398//235 213//235 215//235
f  43//235 45//235 388//235
f  388//235 45//235 47//235
f  388//235 47//235 404//235
f  404//235 47//235 49//235
f  404//235 49//235 405//235
f  405//235 49//235 51//235
f  405//235 51//235 406//235
f  406//235 51//235 53//235
f  406//235 53//235 366//235
f  366//235 53//235 55//235
f  366//235 55//235 57//235
f  370//236 407//236 371//236
f  371//237 407//237 408//237
f  371//237 408//237 390//237
f  390//238 408//238 409//238
f  390//238 409//238 389//239
f  389//240 409//240 410//240
f  389//240 410//240 318//240
f  318//241 410//241 411//241
f  318//241 411//241 317//241
f  317//242 411//242 412//242
f  317//242 412//242 316//243
f  316//244 412//244 413//244
f  316//244 413//244 315//244
f  315//245 413//245 414//245
f  315//245 414//245 314//246
f  314//247 414//247 415//247
f  314//247 415//247 346//248
f  346//249 415//249 416//249
f  346//249 416//249 345//249
f  345//250 416//250 417//250
f  345//250 417//250 344//250
f  344//251 417//251 418//251
f  344//251 418//251 343//252
f  343//253 418//253 419//253
f  343//253 419//253 374//253
f  374//254 419//254 420//254
f  374//254 420//254 373//254
f  373//255 420//255 421//255
f  373//255 421//255 372//256
f  372//257 421//257 422//257
f  372//257 422//257 394//257
f  394//258 422//258 423//258
f  394//258 423//258 393//259
f  393//260 423//260 424//260
f  393//260 424//260 392//260
f  392//261 424//261 425//261
f  392//261 425//261 391//262
f  391//263 425//263 426//263
f  391//263 426//263 397//264
f  397//265 426//265 427//265
f  397//265 427//265 396//266
f  396//267 427//267 428//267
f  396//267 428//267 395//267
f  395//268 428//268 429//268
f  395//268 429//268 357//269
f  357//270 429//270 430//270
f  357//270 430//270 356//271
f  356//272 430//272 431//272
f  356//272 431//272 355//273
f  355//274 431//274 432//274
f  355//274 432//274 354//275
f  354//276 432//276 433//276
f  354//276 433//276 361//277
f  361//278 433//278 434//278
f  361//278 434//278 360//278
f  360//279 434//279 435//279
f  360//279 435//279 359//279
f  359//280 435//280 436//280
f  359//280 436//280 358//280
f  358//281 436//281 437//281
f  358//281 437//281 378//282
f  378//283 437//283 438//283
f  378//283 438//283 377//284
f  377//285 438//285 439//285
f  377//285 439//285 376//286
f  376//287 439//287 440//287
f  376//287 440//287 375//288
f  375//289 440//289 441//289
f  375//289 441//289 381//290
f  381//291 441//291 442//291
f  381//291 442//291 380//291
f  380//292 442//292 443//292
f  380//292 443//292 379//293
f  379//294 443//294 444//294
f  379//294 444//294 385//295
f  385//296 444//296 445//296
f  385//296 445//296 384//297
f  384//298 445//298 446//298
f  384//298 446//298 383//298
f  383//299 446//299 447//299
f  383//299 447//299 382//300
f  382//301 447//301 448//301
f  382//301 448//301 401//301
f  401//302 448//302 449//302
f  401//302 449//302 400//303
f  400//304 449//304 450//304
f  400//304 450//304 399//304
f  399//305 450//305 451//305
f  399//305 451//305 398//305
f  398//306 451//306 452//306
f  398//306 452//306 403//307
f  403//308 452//308 453//308
f  403//308 453//308 402//308
f  402//309 453//309 454//309
f  402//309 454//309 365//309
f  365//310 454//310 455//310
f  365//310 455//310 364//311
f  364//312 455//312 456//312
f  364//312 456//312 363//313
f  363//314 456//314 457//314
f  363//314 457//314 362//314
f  362//315 457//315 458//315
f  362//315 458//315 302//316
f  302//317 458//317 459//317
f  302//317 459//317 301//317
f  301//318 459//318 460//318
f  301//318 460//318 300//318
f  300//319 460//319 461//319
f  300//319 461//319 299//320
f  299//321 461//321 462//321
f  299//321 462//321 298//321
f  298//322 462//322 463//322
f  298//322 463//322 305//322
f  305//323 463//323 464//323
f  305//323 464//323 304//323
f  304//324 464//324 465//324
f  304//324 465//324 303//324
f  303//325 465//325 466//325
f  303//325 466//325 309//326
f  309//327 466//327 467//327
f  309//327 467//327 308//327
f  308//328 467//328 468//328
f  308//328 468//328 307//328
f  307//329 468//329 469//329
f  307//329 469//329 306//330
f  306//331 469//331 470//331
f  306//331 470//331 313//331
f  313//332 470//332 471//332
f  313//332 471//332 312//333
f  312//334 471//334 472//334
f  312//334 472//334 311//335
f  311//336 472//336 473//336
f  311//336 473//336 310//336
f  310//337 473//337 474//337
f  310//337 474//337 329//337
f  329//338 474//338 475//338
f  329//338 475//338 328//339
f  328//340 475//340 476//340
f  328//340 476//340 327//340
f  327//341 476//341 477//341
f  327//341 477//341 332//341
f  332//342 477//342 478//342
f  332//342 478//342 331//343
f  331//344 478//344 479//344
f  331//344 479//344 330//344
f  330//345 479//345 480//345
f  330//345 480//345 323//346
f  323//347 480//347 481//347
f  323//347 481//347 322//347
f  322//348 481//348 482//348
f  322//348 482//348 321//349
f  321//350 482//350 483//350
f  321//350 483//350 320//351
f  320//352 483//352 484//352
f  320//352 484//352 319//353
f  319//354 484//354 485//354
f  319//354 485//354 335//354
f  335//355 485//355 486//355
f  335//355 486//355 334//356
f  334//357 486//357 487//357
f  334//357 487//357 333//358
f  333//359 487//359 488//359
f  333//359 488//359 339//360
f  339//361 488//361 489//361
f  339//361 489//361 338//362
f  338//363 489//363 490//363
f  338//363 490//363 337//364
f  337//365 490//365 491//365
f  337//365 491//365 336//365
f  336//366 491//366 492//366
f  336//366 492//366 342//366
f  342//367 492//367 493//367
f  342//367 493//367 341//367
f  341//368 493//368 494//368
f  341//368 494//368 340//369
f  340//370 494//370 495//370
f  340//370 495//370 326//371
f  326//372 495//372 496//372
f  326//372 496//372 325//373
f  325//374 496//374 497//374
f  325//374 497//374 324//375
f  324//376 497//376 498//376
f  324//376 498//376 297//377
f  297//378 498//378 499//378
f  297//378 499//378 296//378
f  296//379 499//379 500//379
f  296//379 500//379 295//380
f  295//381 500//381 501//381
f  295//381 501//381 294//382
f  294//383 501//383 502//383
f  294//383 502//383 293//384
f  293//385 502//385 503//385
f  293//385 503//385 350//385
f  350//386 503//386 504//386
f  350//386 504//386 349//387
f  349//388 504//388 505//388
f  349//388 505//388 348//388
f  348//389 505//389 506//389
f  348//389 506//389 347//390
f  347//391 506//391 507//391
f  347//391 507//391 353//391
f  353//392 507//392 508//392
f  353//392 508//392 352//392
f  352//393 508//393 509//393
f  352//393 509//393 351//394
f  351//395 509//395 510//395
f  351//395 510//395 369//395
f  369//396 510//396 511//396
f  369//396 511//396 368//396
f  368//397 511//397 512//397
f  368//397 512//397 367//398
f  367//399 512//399 513//399
f  367//399 513//399 366//400
f  366//401 513//401 514//401
f  366//401 514//401 406//401
f  406//402 514//402 515//402
f  406//402 515//402 405//403
f  405//404 515//404 516//404
f  405//404 516//404 404//404
f  404//405 516//405 517//405
f  404//405 517//405 388//405
f  388//406 517//406 518//406
f  388//406 518//406 387//407
f  387//408 518//408 519//408
f  387//408 519//408 386//408
f  386//409 519//409 520//409
f  386//409 520//409 370//409
f  370//236 520//236 407//236
f  465//235 464//235 521//235
f  521//235 464//235 463//235
f  521//235 463//235 462//235
f  468//235 467//235 521//235
f  521//235 467//235 466//235
f  521//235 466//235 465//235
f  471//235 470//235 521//235
f  521//235 470//235 469//235
f  521//235 469//235 468//235
f  474//235 473//235 521//235
f  521//235 473//235 472//235
f  521//235 472//235 471//235
f  477//235 476//235 521//235
f  521//235 476//235 475//235
f  521//235 475//235 474//235
f  480//235 479//235 521//235
f  521//235 479//235 478//235
f  521//235 478//235 477//235
f  483//235 482//235 521//235
f  521//235 482//235 481//235
f  521//235 481//235 480//235
f  486//235 485//235 521//235
f  521//235 485//235 484//235
f  521//235 484//235 483//235
f  489//235 488//235 521//235
f  521//235 488//235 487//235
f  521//235 487//235 486//235
f  492//235 491//235 521//235
f  521//235 491//235 490//235
f  521//235 490//235 489//235
f  495//235 494//235 521//235
f  521//235 494//235 493//235
f  521//235 493//235 492//235
f  498//235 497//235 521//235
f  521//235 497//235 496//235
f  521//235 496//235 495//235
f  501//235 500//235 521//235
f  521//235 500//235 499//235
f  521//235 499//235 498//235
f  504//235 503//235 521//235
f  521//235 503//235 502//235
f  521//235 502//235 501//235
f  507//235 506//235 521//235
f  521//235 506//235 505//235
f  521//235 505//235 504//235
f  510//235 509//235 521//235
f  521//235 509//235 508//235
f  521//235 508//235 507//235
f  513//235 512//235 521//235
f  521//235 512//235 511//235
f  521//235 511//235 510//235
f  516//235 515//235 521//235
f  521//235 515//235 514//235
f  521//235 514//235 513//235
f  519//235 518//235 521//235
f  521//235 518//235 517//235
f  521//235 517//235 516//235
f  408//235 407//235 521//235
f  521//235 407//235 520//235
f  521//235 520//235 519//235
f  411//235 410//235 521//235
f  521//235 410//235 409//235
f  521//235 409//235 408//235
f  414//235 413//235 521//235
f  521//235 413//235 412//235
f  521//235 412//235 411//235
f  417//235 416//235 521//235
f  521//235 416//235 415//235
f  521//235 415//235 414//235
f  420//235 419//235 521//235
f  521//235 419//235 418//235
f  521//235 418//235 417//235
f  423//235 422//235 521//235
f  521//235 422//235 421//235
f  521//235 421//235 420//235
f  426//235 425//235 521//235
f  521//235 425//235 424//235
f  521//235 424//235 423//235
f  429//235 428//235 521//235
f  521//235 428//235 427//235
f  521//235 427//235 426//235
f  432//235 431//235 521//235
f  521//235 431//235 430//235
f  521//235 430//235 429//235
f  435//235 434//235 521//235
f  521//235 434//235 433//235
f  521//235 433//235 432//235
f  438//235 437//235 521//235
f  521//235 437//235 436//235
f  521//235 436//235 435//235
f  441//235 440//235 521//235
f  521//235 440//235 439//235
f  521//235 439//235 438//235
f  444//235 443//235 521//235
f  521//235 443//235 442//235
f  521//235 442//235 441//235
f  447//235 446//235 521//235
f  521//235 446//235 445//235
f  521//235 445//235 444//235
f  450//235 449//235 521//235
f  521//235 449//235 448//235
f  521//235 448//235 447//235
f  453//235 452//235 521//235
f  521//235 452//235 451//235
f  521//235 451//235 450//235
f  456//235 455//235 521//235
f  521//235 455//235 454//235
f  521//235 454//235 453//235
f  459//235 458//235 521//235
f  521//235 458//235 457//235
f  521//235 457//235 456//235
f  462//235 461//235 521//235
f  521//235 461//235 460//235
f  521//235 460//235 459//235
f  39//410 522//410 523//410
f  39//410 2//411 522//410
f  522//410 2//411 1//412
f  522//410 1//412 524//413
f  524//413 1//412 36//411
f  524//413 36//411 525//411
f  525//411 36//411 34//414
f  525//411 34//414 526//411
f  526//411 34//414 32//415
f  526//411 32//415 527//411
f  527//411 32//415 30//416
f  527//411 30//416 528//411
f  528//411 30//416 28//417
f  528//411 28//417 529//411
f  529//411 28//417 26//418
f  529//411 26//418 530//419
f  530//419 26//418 24//420
f  530//419 24//420 531//411
f  531//411 24//420 22//421
f  531//411 22//421 532//411
f  532//411 22//421 20//422
f  532//411 20//422 533//411
f  533//411 20//422 18//411
f  533//411 18//411 534//411
f  534//411 18//411 16//423
f  534//411 16//423 535//411
f  536//411 90//411 537//411
f  537//411 90//411 88//424
f  537//411 88//424 538//411
f  538//411 88//424 86//425
f  538//411 86//425 539//411
f  539//411 86//425 84//426
f  539//411 84//426 540//427
f  540//427 84//426 82//411
f  540//427 82//411 541//411
f  541//411 82//411 80//428
f  541//411 80//428 542//411
f  542//411 80//428 78//429
f  542//411 78//429 543//411
f  543//411 78//429 76//430
f  543//411 76//430 544//411
f  544//411 76//430 74//431
f  544//411 74//431 545//411
f  545//411 74//431 72//432
f  545//411 72//432 546//411
f  546//411 72//432 70//433
f  546//411 70//433 547//411
f  547//411 70//433 68//411
f  547//411 68//411 548//411
f  549//411 116//411 550//411
f  550//411 116//411 114//411
f  550//411 114//411 551//411
f  551//411 114//411 112//411
f  551//411 112//411 552//411
f  552//411 112//411 110//411
f  552//411 110//411 553//411
f  553//411 110//411 108//434
f  553//411 108//434 554//411
f  554//411 108//434 106//411
f  554//411 106//411 555//411
f  555//411 106//411 104//411
f  555//411 104//411 556//411
f  556//411 104//411 102//411
f  556//411 102//411 557//435
f  557//435 102//411 100//411
f  557//435 100//411 558//436
f  558//436 100//411 98//411
f  558//436 98//411 559//411
f  559//411 98//411 96//411
f  559//411 96//411 560//437
f  560//437 96//411 94//438
f  560//437 94//438 536//411
f  536//411 94//438 92//411
f  536//411 92//411 90//411
f  561//411 142//411 562//411
f  562//411 142//411 140//411
f  562//411 140//411 563//411
f  563//411 140//411 138//439
f  563//411 138//439 564//411
f  564//411 138//439 136//411
f  564//411 136//411 565//411
f  565//411 136//411 134//411
f  565//411 134//411 566//411
f  566//411 134//411 132//411
f  566//411 132//411 567//411
f  567//411 132//411 130//440
f  567//411 130//440 568//411
f  568//411 130//440 128//441
f  568//411 128//441 569//442
f  569//442 128//441 126//443
f  569//442 126//443 570//411
f  570//411 126//443 124//444
f  570//411 124//444 571//411
f  571//411 124//444 122//445
f  571//411 122//445 572//411
f  572//411 122//445 120//446
f  572//411 120//446 549//411
f  549//411 120//446 118//447
f  549//411 118//447 116//411
f  573//448 248//448 574//448
f  574//448 248//448 246//411
f  574//448 246//411 575//449
f  575//449 246//411 244//450
f  575//449 244//450 576//411
f  576//411 244//450 242//411
f  576//411 242//411 577//411
f  577//411 242//411 240//411
f  577//411 240//411 578//451
f  578//451 240//411 238//452
f  578//451 238//452 579//453
f  579//453 238//452 236//454
f  579//453 236//454 580//455
f  580//455 236//454 234//456
f  580//455 234//456 581//411
f  581//411 234//456 232//457
f  581//411 232//457 582//458
f  582//458 232//457 230//459
f  582//458 230//459 583//411
f  583//411 230//459 228//460
f  583//411 228//460 584//411
f  584//411 228//460 226//461
f  584//411 226//461 585//462
f  68//411 66//411 548//411
f  548//411 66//411 64//463
f  548//411 64//463 586//411
f  586//411 64//463 62//464
f  586//411 62//464 587//411
f  587//411 62//464 60//411
f  587//411 60//411 588//411
f  588//411 60//411 58//465
f  588//411 58//465 589//411
f  589//411 58//465 56//411
f  589//411 56//411 590//411
f  590//411 56//411 54//466
f  590//411 54//466 591//411
f  591//411 54//466 52//467
f  591//411 52//467 592//411
f  592//411 52//467 50//468
f  592//411 50//468 593//411
f  593//411 50//468 48//469
f  593//411 48//469 594//411
f  594//411 48//469 46//470
f  594//411 46//470 595//411
f  595//411 46//470 44//471
f  595//411 44//471 596//411
f  596//411 44//471 42//472
f  596//411 42//472 523//410
f  523//410 42//472 40//473
f  523//410 40//473 39//410
f  226//461 224//411 585//462
f  585//462 224//411 222//411
f  585//462 222//411 597//474
f  597//474 222//411 220//464
f  597//474 220//464 598//475
f  598//475 220//464 218//476
f  598//475 218//476 599//477
f  599//477 218//476 216//478
f  599//477 216//478 600//479
f  600//479 216//478 214//411
f  600//479 214//411 601//411
f  601//411 214//411 212//480
f  601//411 212//480 602//411
f  602//411 212//480 210//481
f  602//411 210//481 603//411
f  603//411 210//481 208//482
f  603//411 208//482 604//411
f  604//411 208//482 206//483
f  604//411 206//483 605//411
f  605//411 206//483 204//484
f  605//411 204//484 606//411
f  606//411 204//484 202//485
f  606//411 202//485 607//486
f  607//486 202//485 200//487
f  607//486 200//487 608//411
f  609//411 168//411 610//411
f  610//411 168//411 166//488
f  610//411 166//488 611//411
f  611//411 166//488 164//489
f  611//411 164//489 612//411
f  612//411 164//489 162//490
f  612//411 162//490 613//411
f  613//411 162//490 160//491
f  613//411 160//491 614//411
f  614//411 160//491 158//492
f  614//411 158//492 615//411
f  615//411 158//492 156//493
f  615//411 156//493 616//411
f  616//411 156//493 154//494
f  616//411 154//494 617//411
f  617//411 154//494 152//495
f  617//411 152//495 618//411
f  618//411 152//495 150//496
f  618//411 150//496 619//411
f  619//411 150//496 148//497
f  619//411 148//497 620//411
f  620//411 148//497 146//498
f  620//411 146//498 561//411
f  561//411 146//498 144//499
f  561//411 144//499 142//411
f  621//411 274//411 622//411
f  622//411 274//411 272//411
f  622//411 272//411 623//411
f  623//411 272//411 270//411
f  623//411 270//411 624//411
f  624//411 270//411 268//411
f  624//411 268//411 625//500
f  625//500 268//411 266//501
f  625//500 266//501 626//411
f  626//411 266//501 264//502
f  626//411 264//502 627//503
f  627//503 264//502 262//411
f  627//503 262//411 628//411
f  628//411 262//411 260//411
f  628//411 260//411 629//411
f  629//411 260//411 258//411
f  629//411 258//411 630//411
f  630//411 258//411 256//411
f  630//411 256//411 631//411
f  631//411 256//411 254//504
f  631//411 254//504 632//411
f  632//411 254//504 252//411
f  632//411 252//411 573//448
f  573//448 252//411 250//411
f  573//448 250//411 248//448
f  16//423 14//411 535//411
f  535//411 14//411 12//424
f  535//411 12//424 633//411
f  633//411 12//424 10//505
f  633//411 10//505 634//411
f  634//411 10//505 8//411
f  634//411 8//411 635//411
f  635//411 8//411 6//411
f  635//411 6//411 636//411
f  636//411 6//411 292//506
f  636//411 292//506 637//411
f  637//411 292//506 290//507
f  637//411 290//507 638//411
f  638//411 290//507 288//508
f  638//411 288//508 639//509
f  639//509 288//508 286//510
f  639//509 286//510 640//511
f  640//511 286//510 284//512
f  640//511 284//512 641//411
f  641//411 284//512 282//513
f  641//411 282//513 642//411
f  642//411 282//513 280//514
f  642//411 280//514 643//411
f  643//411 280//514 278//411
f  643//411 278//411 621//411
f  621//411 278//411 276//515
f  621//411 276//515 274//411
f  200//487 198//411 608//411
f  608//411 198//411 196//516
f  608//411 196//516 644//411
f  644//411 196//516 194//517
f  644//411 194//517 645//518
f  645//518 194//517 192//519
f  645//518 192//519 646//520
f  646//520 192//519 190//521
f  646//520 190//521 647//411
f  647//411 190//521 188//522
f  647//411 188//522 648//411
f  648//411 188//522 186//523
f  648//411 186//523 649//411
f  649//411 186//523 184//411
f  649//411 184//411 650//411
f  650//411 184//411 182//524
f  650//411 182//524 651//411
f  651//411 182//524 180//525
f  651//411 180//525 652//411
f  652//411 180//525 178//411
f  652//411 178//411 653//526
f  653//526 178//411 176//527
f  653//526 176//527 654//411
f  654//411 176//527 174//528
f  654//411 174//528 655//411
f  655//411 174//528 172//529
f  655//411 172//529 609//411
f  609//411 172//529 170//530
f  609//411 170//530 168//411
f  656//531 593//531 657//531
f  657//532 593//532 594//532
f  657//532 594//532 658//533
f  658//534 594//534 595//534
f  658//534 595//534 659//535
f  659//536 595//536 596//536
f  659//536 596//536 660//537
f  660//538 596//538 523//538
f  660//538 523//538 661//539
f  661//540 523//540 522//540
f  661//540 522//540 662//540
f  662//541 522//541 524//541
f  662//541 524//541 663//541
f  663//542 524//542 525//542
f  663//542 525//542 664//543
f  664//544 525//544 526//544
f  664//544 526//544 665//545
f  665//546 526//546 527//546
f  665//546 527//546 666//547
f  666//548 527//548 528//548
f  666//548 528//548 667//548
f  667//549 528//549 529//549
f  667//549 529//549 668//550
f  668//551 529//551 530//551
f  668//551 530//551 669//552
f  669//553 530//553 531//553
f  669//553 531//553 670//554
f  670//555 531//555 532//555
f  670//555 532//555 671//556
f  671//557 532//557 533//557
f  671//557 533//557 672//558
f  672//559 533//559 534//559
f  672//559 534//559 673//560
f  673//561 534//561 535//561
f  673//561 535//561 674//561
f  674//562 535//562 633//562
f  674//562 633//562 675//563
f  675//564 633//564 634//564
f  675//564 634//564 676//565
f  676//566 634//566 635//566
f  676//566 635//566 677//567
f  677//568 635//568 636//568
f  677//568 636//568 678//569
f  678//570 636//570 637//570
f  678//570 637//570 679//571
f  679//572 637//572 638//572
f  679//572 638//572 680//573
f  680//574 638//574 639//574
f  680//574 639//574 681//575
f  681//576 639//576 640//576
f  681//576 640//576 682//577
f  682//578 640//578 641//578
f  682//578 641//578 683//579
f  683//580 641//580 642//580
f  683//580 642//580 684//580
f  684//581 642//581 643//581
f  684//581 643//581 685//582
f  685//583 643//583 621//583
f  685//583 621//583 686//584
f  686//585 621//585 622//585
f  686//585 622//585 687//586
f  687//587 622//587 623//587
f  687//587 623//587 688//588
f  688//589 623//589 624//589
f  688//589 624//589 689//590
f  689//591 624//591 625//591
f  689//591 625//591 690//592
f  690//593 625//593 626//593
f  690//593 626//593 691//594
f  691//595 626//595 627//595
f  691//595 627//595 692//596
f  692//597 627//597 628//597
f  692//597 628//597 693//598
f  693//599 628//599 629//599
f  693//599 629//599 694//600
f  694//601 629//601 630//601
f  694//601 630//601 695//602
f  695//279 630//279 631//279
f  695//279 631//279 696//279
f  696//603 631//603 632//603
f  696//603 632//603 697//604
f  697//605 632//605 573//605
f  697//605 573//605 698//606
f  698//607 573//607 574//607
f  698//607 574//607 699//608
f  699//609 574//609 575//609
f  699//609 575//609 700//610
f  700//611 575//611 576//611
f  700//611 576//611 701//612
f  701//613 576//613 577//613
f  701//613 577//613 702//614
f  702//615 577//615 578//615
f  702//615 578//615 703//616
f  703//617 578//617 579//617
f  703//617 579//617 704//618
f  704//619 579//619 580//619
f  704//619 580//619 705//620
f  705//621 580//621 581//621
f  705//621 581//621 706//622
f  706//623 581//623 582//623
f  706//623 582//623 707//624
f  707//625 582//625 583//625
f  707//625 583//625 708//625
f  708//626 583//626 584//626
f  708//626 584//626 709//627
f  709//628 584//628 585//628
f  709//628 585//628 710//629
f  710//630 585//630 597//630
f  710//630 597//630 711//631
f  711//632 597//632 598//632
f  711//632 598//632 712//633
f  712//634 598//634 599//634
f  712//634 599//634 713//635
f  713//636 599//636 600//636
f  713//636 600//636 714//637
f  714//638 600//638 601//638
f  714//638 601//638 715//639
f  715//640 601//640 602//640
f  715//640 602//640 716//641
f  716//642 602//642 603//642
f  716//642 603//642 717//643
f  717//644 603//644 604//644
f  717//644 604//644 718//644
f  718//645 604//645 605//645
f  718//645 605//645 719//646
f  719//647 605//647 606//647
f  719//647 606//647 720//648
f  720//649 606//649 607//649
f  720//649 607//649 721//650
f  721//651 607//651 608//651
f  721//651 608//651 722//652
f  722//653 608//653 644//653
f  722//653 644//653 723//654
f  723//655 644//655 645//655
f  723//655 645//655 724//656
f  724//657 645//657 646//657
f  724//657 646//657 725//658
f  725//659 646//659 647//659
f  725//659 647//659 726//660
f  726//661 647//661 648//661
f  726//661 648//661 727//662
f  727//663 648//663 649//663
f  727//663 649//663 728//664
f  728//665 649//665 650//665
f  728//665 650//665 729//665
f  729//666 650//666 651//666
f  729//666 651//666 730//666
f  730//667 651//667 652//667
f  730//667 652//667 731//668
f  731//669 652//669 653//669
f  731//669 653//669 732//670
f  732//671 653//671 654//671
f  732//671 654//671 733//672
f  733//673 654//673 655//673
f  733//673 655//673 734//673
f  734//674 655//674 609//674
f  734//674 609//674 735//675
f  735//676 609//676 610//676
f  735//676 610//676 736//677
f  736//678 610//678 611//678
f  736//678 611//678 737//679
f  737//680 611//680 612//680
f  737//680 612//680 738//681
f  738//682 612//682 613//682
f  738//682 613//682 739//683
f  739//684 613//684 614//684
f  739//684 614//684 740//685
f  740//686 614//686 615//686
f  740//686 615//686 741//686
f  741//687 615//687 616//687
f  741//687 616//687 742//688
f  742//689 616//689 617//689
f  742//689 617//689 743//690
f  743//691 617//691 618//691
f  743//691 618//691 744//692
f  744//693 618//693 619//693
f  744//693 619//693 745//694
f  745//695 619//695 620//695
f  745//695 620//695 746//696
f  746//697 620//697 561//697
f  746//697 561//697 747//698
f  747//699 561//699 562//699
f  747//699 562//699 748//700
f  748//701 562//701 563//701
f  748//701 563//701 749//702
f  749//703 563//703 564//703
f  749//703 564//703 750//704
f  750//705 564//705 565//705
f  750//705 565//705 751//705
f  751//706 565//706 566//706
f  751//706 566//706 752//707
f  752//708 566//708 567//708
f  752//708 567//708 753//709
f  753//710 567//710 568//710
f  753//710 568//710 754//711
f  754//712 568//712 569//712
f  754//712 569//712 755//713
f  755//714 569//714 570//714
f  755//714 570//714 756//715
f  756//716 570//716 571//716
f  756//716 571//716 757//717
f  757//718 571//718 572//718
f  757//718 572//718 758//719
f  758//720 572//720 549//720
f  758//720 549//720 759//721
f  759//722 549//722 550//722
f  759//722 550//722 760//723
f  760//724 550//724 551//724
f  760//724 551//724 761//725
f  761//726 551//726 552//726
f  761//726 552//726 762//727
f  762//366 552//366 553//366
f  762//366 553//366 763//366
f  763//728 553//728 554//728
f  763//728 554//728 764//729
f  764//730 554//730 555//730
f  764//730 555//730 765//731
f  765//732 555//732 556//732
f  765//732 556//732 766//733
f  766//734 556//734 557//734
f  766//734 557//734 767//735
f  767//736 557//736 558//736
f  767//736 558//736 768//737
f  768//738 558//738 559//738
f  768//738 559//738 769//739
f  769//740 559//740 560//740
f  769//740 560//740 770//741
f  770//742 560//742 536//742
f  770//742 536//742 771//743
f  771//744 536//744 537//744
f  771//744 537//744 772//745
f  772//746 537//746 538//746
f  772//746 538//746 773//747
f  773//748 538//748 539//748
f  773//748 539//748 774//749
f  774//750 539//750 540//750
f  774//750 540//750 775//750
f  775//751 540//751 541//751
f  775//751 541//751 776//752
f  776//753 541//753 542//753
f  776//753 542//753 777//754
f  777//755 542//755 543//755
f  777//755 543//755 778//756
f  778//757 543//757 544//757
f  778//757 544//757 779//758
f  779//759 544//759 545//759
f  779//759 545//759 780//760
f  780//761 545//761 546//761
f  780//761 546//761 781//762
f  781//763 546//763 547//763
f  781//763 547//763 782//764
f  782//765 547//765 548//765
f  782//765 548//765 783//766
f  783//767 548//767 586//767
f  783//767 586//767 784//768
f  784//769 586//769 587//769
f  784//769 587//769 785//769
f  785//770 587//770 588//770
f  785//770 588//770 786//771
f  786//772 588//772 589//772
f  786//772 589//772 787//773
f  787//774 589//774 590//774
f  787//774 590//774 788//775
f  788//776 590//776 591//776
f  788//776 591//776 789//777
f  789//778 591//778 592//778
f  789//778 592//778 656//779
f  656//531 592//780 593//531
f  790//411 791//411 792//411
f  793//781 794//781 759//781
f  795//782 796//782 797//782
f  797//782 796//782 798//783
f  797//782 798//783 799//784
f  800//411 801//411 802//411
f  759//781 794//781 758//411
f  758//411 794//781 800//411
f  758//411 800//411 757//411
f  800//411 802//411 751//785
f  803//411 804//411 726//411
f  785//411 786//411 805//411
f  799//784 806//411 797//782
f  797//782 806//411 807//786
f  797//782 807//786 808//787
f  809//411 782//411 810//411
f  810//411 782//411 783//788
f  810//411 783//788 805//411
f  805//411 783//788 784//411
f  805//411 784//411 785//411
f  751//785 752//789 800//411
f  800//411 752//789 753//790
f  800//411 753//790 754//791
f  803//792 726//792 811//792
f  790//411 792//411 804//411
f  786//411 787//411 805//411
f  805//411 787//411 788//793
f  805//411 788//793 789//794
f  759//781 760//795 793//781
f  793//781 760//795 761//411
f  793//781 761//411 812//796
f  812//796 761//411 762//797
f  812//796 762//797 813//798
f  813//798 762//797 763//799
f  813//798 763//799 814//800
f  814//800 763//799 764//411
f  814//800 764//411 815//411
f  754//791 755//411 800//411
f  800//411 755//411 756//411
f  800//411 756//411 757//411
f  802//411 816//411 751//785
f  751//785 816//411 817//411
f  751//785 817//411 750//411
f  750//411 817//411 818//801
f  750//411 818//801 749//411
f  749//411 818//801 819//802
f  749//411 819//802 748//411
f  748//411 819//802 747//411
f  747//411 819//802 820//803
f  747//411 820//803 746//804
f  821//411 777//411 822//411
f  822//411 777//411 778//805
f  822//411 778//805 823//806
f  823//806 778//805 779//807
f  823//808 779//807 824//808
f  824//808 779//807 780//809
f  824//808 780//809 809//411
f  809//411 780//809 781//810
f  809//411 781//810 782//411
f  808//787 825//811 797//782
f  797//782 825//811 826//411
f  797//782 826//411 827//411
f  828//411 772//411 829//411
f  829//411 772//411 773//812
f  829//411 773//812 830//411
f  830//411 773//812 774//411
f  830//411 774//411 831//411
f  831//411 774//411 775//813
f  831//411 775//813 821//411
f  821//411 775//813 776//814
f  821//411 776//814 777//411
f  764//411 765//815 815//411
f  815//411 765//815 766//411
f  815//411 766//411 832//411
f  832//411 766//411 767//411
f  832//411 767//411 833//816
f  833//816 767//411 768//817
f  833//816 768//817 834//818
f  834//818 768//817 769//819
f  834//818 769//819 835//820
f  835//820 769//819 770//821
f  835//820 770//821 828//411
f  828//411 770//821 771//411
f  828//411 771//411 772//411
f  836//822 744//822 820//822
f  820//803 744//823 745//823
f  820//822 745//823 746//804
f  837//411 742//411 836//822
f  836//822 742//411 743//824
f  836//822 743//824 744//823
f  838//411 740//411 837//411
f  837//411 740//411 741//411
f  837//411 741//411 742//411
f  839//825 840//825 730//825
f  726//411 727//411 811//411
f  811//411 727//411 728//826
f  811//411 728//826 840//411
f  840//411 728//826 729//827
f  840//411 729//827 730//828
f  841//411 738//411 838//411
f  838//411 738//411 739//829
f  838//411 739//829 740//411
f  842//411 736//411 841//411
f  841//411 736//411 737//830
f  841//411 737//831 738//411
f  843//411 734//411 842//411
f  842//411 734//411 735//832
f  842//411 735//832 736//411
f  730//828 731//411 839//411
f  839//411 731//411 732//833
f  839//411 732//833 843//411
f  843//411 732//833 733//834
f  843//411 733//834 734//411
f  789//794 656//411 805//411
f  805//411 656//411 657//835
f  805//411 657//835 797//782
f  797//782 657//835 658//836
f  797//782 658//836 659//837
f  805//411 844//838 845//838
f  846//839 805//411 847//839
f  847//840 805//411 848//840
f  827//411 849//411 797//782
f  797//782 849//411 850//841
f  797//782 850//841 805//411
f  805//842 850//842 851//842
f  805//843 851//843 844//843
f  845//844 852//844 805//842
f  805//411 852//844 853//845
f  805//411 853//846 848//846
f  659//837 660//847 797//782
f  797//782 660//848 661//848
f  797//782 661//848 662//849
f  662//849 663//411 797//782
f  797//782 663//411 664//850
f  797//851 664//851 665//851
f  854//411 855//411 677//411
f  856//852 857//852 677//852
f  677//853 857//853 858//853
f  708//854 859//854 860//854
f  681//411 861//411 680//411
f  680//411 861//411 862//855
f  680//411 862//855 679//411
f  679//411 862//855 678//411
f  678//856 862//855 677//856
f  677//857 862//857 863//857
f  677//856 863//858 854//411
f  855//411 864//411 677//411
f  677//856 864//859 865//859
f  677//411 865//860 856//860
f  858//411 866//411 677//411
f  677//861 866//861 867//861
f  677//856 867//862 868//862
f  868//863 867//863 869//863
f  868//411 869//411 870//411
f  870//864 869//864 871//864
f  872//411 873//411 874//411
f  875//411 876//411 877//411
f  878//411 879//411 708//411
f  708//411 879//411 880//865
f  708//411 881//411 859//411
f  859//866 881//866 882//866
f  859//411 882//411 883//411
f  883//867 882//867 884//867
f  883//868 884//868 885//868
f  885//411 886//411 883//411
f  883//867 886//869 887//869
f  883//411 887//411 869//411
f  869//870 887//870 888//870
f  869//871 888//871 871//871
f  699//872 700//872 889//872
f  877//411 876//411 890//411
f  890//411 876//411 891//411
f  890//411 891//411 873//411
f  873//411 891//411 892//411
f  873//411 892//411 874//411
f  880//865 893//411 708//411
f  708//411 893//411 894//411
f  708//411 894//411 881//411
f  889//872 700//872 895//411
f  895//411 700//872 701//873
f  895//874 701//874 896//874
f  889//872 897//875 699//872
f  699//872 897//875 898//876
f  699//872 898//876 698//877
f  698//877 898//876 899//878
f  698//877 899//878 697//879
f  860//411 900//411 708//411
f  708//880 900//880 901//880
f  708//881 901//881 902//881
f  902//882 903//882 708//880
f  708//881 903//883 904//883
f  708//881 904//883 905//884
f  896//411 701//873 906//411
f  906//411 701//873 702//885
f  906//411 702//885 907//411
f  907//411 702//885 703//411
f  907//411 703//411 908//411
f  908//411 703//411 704//411
f  908//411 704//411 909//411
f  909//411 704//411 705//886
f  909//887 705//887 910//887
f  684//411 911//411 683//411
f  683//411 911//411 861//411
f  683//411 861//411 682//411
f  682//411 861//411 681//411
f  665//851 666//411 797//782
f  797//782 666//411 667//888
f  797//782 667//889 668//889
f  912//890 913//890 792//411
f  710//891 914//891 709//891
f  709//891 914//891 915//892
f  709//891 915//892 708//411
f  708//411 915//892 916//411
f  708//411 916//411 878//411
f  874//411 917//411 872//411
f  872//411 917//411 918//893
f  872//411 918//893 868//411
f  868//862 918//894 919//894
f  868//895 919//895 920//895
f  920//896 921//896 868//896
f  868//897 921//897 922//897
f  868//411 922//898 677//411
f  677//411 922//898 923//899
f  677//852 923//900 924//900
f  924//901 925//901 677//857
f  677//411 925//902 926//902
f  677//411 926//902 797//782
f  674//411 675//411 797//782
f  797//782 675//411 676//903
f  797//782 676//903 677//411
f  717//411 718//411 927//411
f  705//886 706//904 910//904
f  910//904 706//904 707//411
f  910//904 707//411 928//411
f  928//905 707//905 708//905
f  928//411 708//411 929//411
f  929//411 708//411 905//411
f  899//878 930//906 697//879
f  697//879 930//906 931//411
f  697//879 931//411 696//411
f  696//411 931//411 932//907
f  696//411 932//907 695//411
f  695//411 932//907 933//908
f  695//411 933//908 694//411
f  694//411 933//908 934//909
f  694//411 934//909 693//910
f  693//910 934//909 935//911
f  693//910 935//911 692//411
f  692//912 935//911 936//912
f  937//913 690//913 936//912
f  936//914 690//914 691//914
f  936//914 691//914 692//411
f  938//411 688//411 937//411
f  937//411 688//411 689//915
f  937//411 689//915 690//914
f  671//411 672//411 797//782
f  797//782 672//411 673//916
f  797//851 673//917 674//411
f  684//411 685//411 911//411
f  911//411 685//411 686//918
f  911//411 686//918 938//411
f  938//411 686//918 687//919
f  938//411 687//919 688//411
f  668//889 669//411 797//782
f  797//782 669//411 670//920
f  797//782 670//920 671//411
f  804//411 792//411 726//411
f  726//411 792//411 913//890
f  726//921 913//890 939//921
f  877//411 940//411 875//411
f  875//411 940//411 941//411
f  875//411 941//411 942//922
f  942//922 941//411 943//411
f  942//922 943//411 944//411
f  944//411 943//411 945//923
f  944//411 945//923 946//924
f  946//924 945//923 947//925
f  946//924 947//925 948//926
f  948//926 947//925 949//411
f  948//926 949//411 950//411
f  950//411 949//411 951//411
f  950//411 951//411 952//411
f  952//411 951//411 953//411
f  952//411 953//411 954//411
f  954//411 953//411 912//890
f  954//411 912//890 955//411
f  955//411 912//890 792//411
f  939//411 956//411 726//411
f  726//411 956//411 957//927
f  726//411 957//927 725//411
f  927//928 718//928 958//928
f  717//411 927//411 716//411
f  716//411 927//411 959//929
f  716//411 959//929 715//411
f  715//411 959//929 960//930
f  715//411 960//930 714//411
f  960//931 961//931 714//931
f  714//932 961//932 962//932
f  714//411 962//933 713//933
f  713//934 962//934 963//934
f  713//933 963//934 712//411
f  712//411 963//935 964//935
f  712//411 964//935 711//411
f  711//411 964//935 965//411
f  711//411 965//411 710//891
f  710//891 965//411 966//411
f  710//891 966//411 914//891
f  718//411 719//411 958//411
f  958//411 719//411 720//936
f  958//411 720//936 967//411
f  967//411 720//937 721//937
f  721//938 722//938 967//938
f  967//411 722//939 723//939
f  967//938 723//940 957//940
f  957//927 723//939 724//941
f  957//927 724//941 725//411
f  968//942 868//942 969//942
f  969//942 868//942 870//943
f  969//944 870//944 970//944
f  970//944 870//944 871//945
f  970//946 871//946 971//946
f  971//946 871//946 888//947
f  971//948 888//948 972//948
f  972//948 888//948 887//949
f  972//950 887//950 973//950
f  973//950 887//950 886//951
f  973//952 886//952 974//952
f  974//952 886//952 885//953
f  974//954 885//954 975//954
f  975//954 885//954 884//955
f  975//956 884//956 976//956
f  976//956 884//956 882//956
f  976//957 882//957 977//957
f  977//957 882//957 881//958
f  977//959 881//959 978//959
f  978//959 881//959 894//960
f  978//961 894//961 979//961
f  979//961 894//961 893//961
f  979//962 893//962 980//962
f  980//963 893//963 880//963
f  980//964 880//964 981//964
f  981//965 880//965 879//965
f  981//966 879//966 982//966
f  982//966 879//966 878//967
f  982//968 878//968 983//968
f  983//968 878//968 916//968
f  983//969 916//969 984//969
f  984//969 916//969 915//969
f  984//970 915//970 985//970
f  985//970 915//970 914//971
f  985//972 914//972 986//972
f  986//972 914//972 966//973
f  986//974 966//974 987//974
f  987//974 966//974 965//975
f  987//976 965//976 988//976
f  988//976 965//976 964//977
f  988//978 964//978 989//978
f  989//978 964//978 963//979
f  989//980 963//980 990//980
f  990//980 963//980 962//981
f  990//982 962//982 991//982
f  991//982 962//982 961//983
f  991//984 961//984 992//984
f  992//984 961//984 960//985
f  992//986 960//986 993//986
f  993//986 960//986 959//987
f  993//988 959//988 994//988
f  994//988 959//988 927//989
f  994//990 927//990 995//990
f  995//990 927//990 958//991
f  995//992 958//992 996//992
f  996//992 958//992 967//993
f  996//994 967//994 997//994
f  997//994 967//994 957//995
f  997//996 957//996 998//996
f  998//996 957//996 956//997
f  998//998 956//998 999//998
f  999//998 956//998 939//999
f  999//1000 939//1000 1000//1000
f  1000//1000 939//1000 913//1001
f  1000//1002 913//1002 1001//1002
f  1001//1002 913//1002 912//1003
f  1001//1004 912//1004 1002//1004
f  1002//1004 912//1004 953//1005
f  1002//1006 953//1006 1003//1006
f  1003//1006 953//1006 951//1007
f  1003//1008 951//1008 1004//1008
f  1004//1008 951//1008 949//1009
f  1004//1010 949//1010 1005//1010
f  1005//1011 949//1011 947//1011
f  1005//1012 947//1012 1006//1012
f  1006//1012 947//1012 945//1013
f  1006//1014 945//1014 1007//1014
f  1007//1014 945//1014 943//1014
f  1007//1015 943//1015 1008//1015
f  1008//1015 943//1015 941//1016
f  1008//1017 941//1017 1009//1017
f  1009//1017 941//1017 940//1018
f  1009//1019 940//1019 1010//1019
f  1010//1019 940//1019 877//1020
f  1010//1021 877//1021 1011//1021
f  1011//1021 877//1021 890//1022
f  1011//1023 890//1023 1012//1023
f  1012//1023 890//1023 873//1024
f  1012//1025 873//1025 1013//1025
f  1013//1025 873//1025 872//1026
f  1013//1027 872//1027 968//1027
f  968//1027 872//1027 868//1028
f  991//411 992//411 1014//411
f  988//411 989//411 1014//411
f  1014//1029 989//1029 990//1029
f  1014//411 990//1030 991//411
f  985//411 986//411 1014//411
f  1014//411 986//411 987//1031
f  1014//1032 987//1032 988//1032
f  982//411 983//411 1014//411
f  1014//411 983//411 984//411
f  1014//411 984//411 985//411
f  979//411 980//411 1014//411
f  1014//411 980//411 981//411
f  1014//411 981//411 982//411
f  976//1033 977//1033 1014//411
f  1014//411 977//1033 978//411
f  1014//411 978//411 979//411
f  973//411 974//411 1014//411
f  1014//411 974//411 975//411
f  1014//1029 975//411 976//1034
f  970//411 971//411 1014//411
f  1014//411 971//411 972//1035
f  1014//411 972//1035 973//411
f  1013//411 968//411 1014//411
f  1014//411 968//411 969//1036
f  1014//1029 969//1036 970//411
f  1010//411 1011//411 1014//411
f  1014//411 1011//411 1012//1037
f  1014//411 1012//1037 1013//411
f  1007//411 1008//411 1014//411
f  1014//411 1008//411 1009//1038
f  1014//411 1009//1038 1010//411
f  1004//411 1005//411 1014//411
f  1014//1029 1005//411 1006//1039
f  1014//1032 1006//1040 1007//411
f  1001//411 1002//411 1014//411
f  1014//411 1002//411 1003//411
f  1014//411 1003//411 1004//411
f  998//411 999//411 1014//411
f  1014//411 999//411 1000//1041
f  1014//411 1000//1041 1001//411
f  995//411 996//411 1014//411
f  1014//1032 996//411 997//1040
f  1014//411 997//1042 998//411
f  992//1043 993//1043 1014//1032
f  1014//411 993//1044 994//1044
f  1014//1029 994//1045 995//1045
f  1015//1046 861//1046 1016//1046
f  1016//1046 861//1046 911//1046
f  1016//1047 911//1047 1017//1047
f  1017//1047 911//1047 938//1048
f  1017//1049 938//1049 1018//1049
f  1018//1049 938//1049 937//1050
f  1018//948 937//948 1019//948
f  1019//948 937//948 936//948
f  1019//1051 936//1051 1020//1051
f  1020//1051 936//1051 935//1052
f  1020//1053 935//1053 1021//1053
f  1021//1053 935//1053 934//1054
f  1021//954 934//954 1022//954
f  1022//954 934//954 933//1055
f  1022//956 933//956 1023//956
f  1023//956 933//956 932//1056
f  1023//1057 932//1057 1024//1057
f  1024//958 932//958 931//958
f  1024//1058 931//1058 1025//1058
f  1025//960 931//960 930//960
f  1025//1059 930//1059 1026//1059
f  1026//961 930//961 899//961
f  1026//1060 899//1060 1027//1060
f  1027//1060 899//1060 898//962
f  1027//1061 898//1061 1028//1061
f  1028//1062 898//1062 897//1062
f  1028//1063 897//1063 1029//1063
f  1029//967 897//967 889//967
f  1029//1064 889//1064 1030//1064
f  1030//1065 889//1065 895//1065
f  1030//1066 895//1066 1031//1066
f  1031//1067 895//1067 896//1067
f  1031//971 896//971 1032//971
f  1032//971 896//971 906//1068
f  1032//972 906//972 1033//972
f  1033//972 906//972 907//972
f  1033//1069 907//1069 1034//1069
f  1034//1069 907//1069 908//1070
f  1034//1071 908//1071 1035//1071
f  1035//1071 908//1071 909//1072
f  1035//1073 909//1073 1036//1073
f  1036//1073 909//1073 910//1074
f  1036//1075 910//1075 1037//1075
f  1037//1075 910//1075 928//1076
f  1037//1077 928//1077 1038//1077
f  1038//1077 928//1077 929//1077
f  1038//1078 929//1078 1039//1078
f  1039//1078 929//1078 905//987
f  1039//1079 905//1079 1040//1079
f  1040//1079 905//1079 904//1079
f  1040//1080 904//1080 1041//1080
f  1041//1080 904//1080 903//1081
f  1041//1082 903//1082 1042//1082
f  1042//1082 903//1082 902//993
f  1042//994 902//994 1043//994
f  1043//994 902//994 901//995
f  1043//996 901//996 1044//996
f  1044//996 901//996 900//1083
f  1044//998 900//998 1045//998
f  1045//998 900//998 860//1084
f  1045//1085 860//1085 1046//1085
f  1046//1085 860//1085 859//1001
f  1046//1003 859//1003 1047//1003
f  1047//1003 859//1003 883//1086
f  1047//1004 883//1004 1048//1004
f  1048//1004 883//1004 869//1005
f  1048//1087 869//1087 1049//1087
f  1049//1087 869//1087 867//1006
f  1049//1008 867//1008 1050//1008
f  1050//1008 867//1008 866//1009
f  1050//1088 866//1088 1051//1088
f  1051//1088 866//1088 858//1089
f  1051//1090 858//1090 1052//1090
f  1052//1090 858//1090 857//1090
f  1052//1014 857//1014 1053//1014
f  1053//1014 857//1014 856//1091
f  1053//1016 856//1016 1054//1016
f  1054//1016 856//1016 865//1092
f  1054//1018 865//1018 1055//1018
f  1055//1018 865//1018 864//1093
f  1055//1094 864//1094 1056//1094
f  1056//1094 864//1094 855//1095
f  1056//1021 855//1021 1057//1021
f  1057//1021 855//1021 854//1096
f  1057//1023 854//1023 1058//1023
f  1058//1023 854//1023 863//1097
f  1058//1098 863//1098 1059//1098
f  1059//1098 863//1098 862//1099
f  1059//1100 862//1100 1015//1100
f  1015//1100 862//1100 861//1100
f  1058//1043 1059//1043 1060//1043
f  1060//1101 1059//1101 1015//1101
f  1060//1102 1015//1102 1016//1102
f  1055//1103 1056//1103 1060//1103
f  1060//1103 1056//1103 1057//1104
f  1060//1102 1057//1105 1058//1105
f  1052//411 1053//411 1060//1102
f  1060//1101 1053//411 1054//1106
f  1060//1101 1054//1106 1055//1107
f  1049//411 1050//411 1060//1102
f  1060//1102 1050//411 1051//411
f  1060//1101 1051//411 1052//411
f  1046//411 1047//411 1060//1102
f  1060//1102 1047//411 1048//411
f  1060//1102 1048//411 1049//411
f  1043//1108 1044//1108 1060//1102
f  1060//1101 1044//1038 1045//1038
f  1060//1101 1045//1038 1046//411
f  1040//1109 1041//1109 1060//1103
f  1060//1043 1041//1110 1042//1110
f  1060//1102 1042//1111 1043//1108
f  1037//411 1038//411 1060//1102
f  1060//1102 1038//411 1039//1112
f  1060//1043 1039//1113 1040//1113
f  1034//1043 1035//1043 1060//1043
f  1060//1103 1035//1114 1036//1114
f  1060//1101 1036//1115 1037//411
f  1031//1116 1032//1116 1060//1101
f  1060//1101 1032//1116 1033//1038
f  1060//1103 1033//1117 1034//1117
f  1028//411 1029//411 1060//1102
f  1060//1102 1029//411 1030//1111
f  1060//1102 1030//1111 1031//1111
f  1025//411 1026//411 1060//1102
f  1060//1102 1026//411 1027//411
f  1060//1102 1027//411 1028//411
f  1022//411 1023//411 1060//1102
f  1060//1102 1023//411 1024//1111
f  1060//1102 1024//1111 1025//411
f  1019//1043 1020//1043 1060//1043
f  1060//1102 1020//1118 1021//1118
f  1060//1102 1021//1118 1022//411
f  1016//1103 1017//1103 1060//1103
f  1060//1101 1017//1119 1018//1119
f  1060//1043 1018//1120 1019//1043
f  1061//1121 791//1121 1062//1121
f  1062//1121 791//1121 790//1122
f  1062//1123 790//1123 1063//1123
f  1063//1123 790//1123 804//1124
f  1063//1125 804//1125 1064//1125
f  1064//1125 804//1125 803//1126
f  1064//1127 803//1127 1065//1127
f  1065//1127 803//1127 811//1128
f  1065//1129 811//1129 1066//1129
f  1066//1129 811//1129 840//1130
f  1066//1131 840//1131 1067//1131
f  1067//1131 840//1131 839//1132
f  1067//1133 839//1133 1068//1133
f  1068//1133 839//1133 843//1134
f  1068//1135 843//1135 1069//1135
f  1069//1135 843//1135 842//1135
f  1069//1136 842//1136 1070//1136
f  1070//1136 842//1136 841//1137
f  1070//1138 841//1138 1071//1138
f  1071//1138 841//1138 838//1139
f  1071//1140 838//1140 1072//1140
f  1072//1140 838//1140 837//1141
f  1072//1142 837//1142 1073//1142
f  1073//1142 837//1142 836//1143
f  1073//1144 836//1144 1074//1144
f  1074//1144 836//1144 820//1145
f  1074//1146 820//1146 1075//1146
f  1075//1146 820//1146 819//1147
f  1075//1148 819//1148 1076//1148
f  1076//1148 819//1148 818//1148
f  1076//1149 818//1149 1077//1149
f  1077//1149 818//1149 817//1150
f  1077//1151 817//1151 1078//1151
f  1078//1151 817//1151 816//1152
f  1078//1153 816//1153 1079//1153
f  1079//1153 816//1153 802//1154
f  1079//1155 802//1155 1080//1155
f  1080//1155 802//1155 801//1156
f  1061//1157 1081//1157 791//1157
f  791//1157 1081//1157 792//1158
f  1082//1159 797//1159 1083//1159
f  1083//1159 797//1159 926//1160
f  1083//1161 926//1161 1084//1161
f  1084//1161 926//1161 925//1162
f  1084//1163 925//1163 1085//1163
f  1085//1163 925//1163 924//1164
f  1085//1165 924//1165 1086//1165
f  1086//1165 924//1165 923//1166
f  1086//1167 923//1167 1087//1167
f  1087//1167 923//1167 922//1168
f  1087//1169 922//1169 1088//1169
f  1088//1169 922//1169 921//1170
f  1088//1171 921//1171 1089//1171
f  1089//1171 921//1171 920//1172
f  1089//1173 920//1173 1090//1173
f  1090//1173 920//1173 919//1174
f  1090//1175 919//1175 1091//1175
f  1091//1175 919//1175 918//1176
f  1091//1177 918//1177 1092//1177
f  1092//1177 918//1177 917//1177
f  1092//1178 917//1178 1093//1178
f  1093//1178 917//1178 874//1179
f  1093//1180 874//1180 1094//1180
f  1094//1180 874//1180 892//1181
f  1094//1182 892//1182 1095//1182
f  1095//1182 892//1182 891//1183
f  1095//1184 891//1184 1096//1184
f  1096//1184 891//1184 876//1185
f  1096//1186 876//1186 1097//1186
f  1097//1186 876//1186 875//1187
f  1097//1188 875//1188 1098//1188
f  1098//1188 875//1188 942//1189
f  1098//1190 942//1190 1099//1190
f  1099//1190 942//1190 944//1191
f  1099//1192 944//1192 1100//1192
f  1100//1192 944//1192 946//1193
f  1100//1194 946//1194 1101//1194
f  1101//1194 946//1194 948//1195
f  1101//1196 948//1196 1102//1196
f  1102//1196 948//1196 950//1197
f  1102//1198 950//1198 1103//1198
f  1103//1198 950//1198 952//1199
f  1103//1200 952//1200 1104//1200
f  1104//1200 952//1200 954//1201
f  1104//1202 954//1202 1105//1202
f  1105//1202 954//1202 955//1203
f  1105//1204 955//1204 1081//1204
f  1081//1204 955//1204 792//1205
f  1082//1206 1106//1206 797//1206
f  797//1206 1106//1206 795//1207
f  1107//1208 846//1208 1108//1208
f  1108//1208 846//1208 847//1209
f  1108//1210 847//1210 1109//1210
f  1109//1210 847//1210 848//1211
f  1109//1212 848//1212 1110//1212
f  1110//1212 848//1212 853//1213
f  1110//1214 853//1214 1111//1214
f  1111//1214 853//1214 852//1215
f  1111//1216 852//1216 1112//1216
f  1112//1216 852//1216 845//1217
f  1112//1218 845//1218 1113//1218
f  1113//1218 845//1218 844//1219
f  1113//1220 844//1220 1114//1220
f  1114//1220 844//1220 851//1221
f  1114//1222 851//1222 1115//1222
f  1115//1222 851//1222 850//1222
f  1115//1223 850//1223 1116//1223
f  1116//1223 850//1223 849//1224
f  1116//1225 849//1225 1117//1225
f  1117//1225 849//1225 827//1226
f  1117//1227 827//1227 1118//1227
f  1118//1227 827//1227 826//1228
f  1118//1229 826//1229 1119//1229
f  1119//1229 826//1229 825//1230
f  1119//1231 825//1231 1120//1231
f  1120//1231 825//1231 808//1232
f  1120//1233 808//1233 1121//1233
f  1121//1233 808//1233 807//1233
f  1121//1234 807//1234 1122//1234
f  1122//1234 807//1234 806//1235
f  1122//1236 806//1236 1123//1236
f  1123//1236 806//1236 799//1237
f  1123//1238 799//1238 1124//1238
f  1124//1238 799//1238 798//1239
f  1124//1240 798//1240 1125//1240
f  1125//1240 798//1240 796//1241
f  1125//1242 796//1242 1106//1242
f  1106//1242 796//1242 795//1242
f  1107//1243 1126//1243 846//1243
f  846//1243 1126//1243 805//1244
f  1127//1245 800//1245 1128//1245
f  1128//1245 800//1245 794//1246
f  1128//1247 794//1247 1129//1247
f  1129//1247 794//1247 793//1248
f  1129//1249 793//1249 1130//1249
f  1130//1249 793//1249 812//1250
f  1130//1251 812//1251 1131//1251
f  1131//1251 812//1251 813//1252
f  1131//1253 813//1253 1132//1253
f  1132//1253 813//1253 814//1254
f  1132//1255 814//1255 1133//1255
f  1133//1255 814//1255 815//1256
f  1133//1257 815//1257 1134//1257
f  1134//1257 815//1257 832//1258
f  1134//1259 832//1259 1135//1259
f  1135//1259 832//1259 833//1260
f  1135//1261 833//1261 1136//1261
f  1136//1261 833//1261 834//1262
f  1136//1263 834//1263 1137//1263
f  1137//1263 834//1263 835//1264
f  1137//1265 835//1265 1138//1265
f  1138//1265 835//1265 828//1266
f  1138//1267 828//1267 1139//1267
f  1139//1267 828//1267 829//1268
f  1139//1269 829//1269 1140//1269
f  1140//1269 829//1269 830//1270
f  1140//1271 830//1271 1141//1271
f  1141//1271 830//1271 831//1272
f  1141//1273 831//1273 1142//1273
f  1142//1273 831//1273 821//1274
f  1142//1275 821//1275 1143//1275
f  1143//1275 821//1275 822//1276
f  1143//1277 822//1277 1144//1277
f  1144//1277 822//1277 823//1278
f  1144//1279 823//1279 1145//1279
f  1145//1279 823//1279 824//1280
f  1145//1281 824//1281 1146//1281
f  1146//1281 824//1281 809//1281
f  1146//1282 809//1282 1147//1282
f  1147//1282 809//1282 810//1283
f  1147//1284 810//1284 1126//1284
f  1126//1284 810//1284 805//1285
f  1127//1286 1080//1286 800//1286
f  800//1286 1080//1286 801//1287
f  1061//1288 1125//1288 1106//1288
f  1079//1289 1080//1289 1107//1289
f  1079//1290 1107//1290 1078//1290
f  1106//1288 1082//1291 1083//1291
f  1144//411 1145//411 1107//411
f  1081//411 1061//1288 1105//411
f  1105//411 1061//1288 1104//411
f  1129//411 1080//411 1128//411
f  1128//411 1080//411 1127//411
f  1074//1292 1108//1292 1109//1292
f  1121//411 1067//411 1120//411
f  1120//411 1067//411 1119//411
f  1083//1291 1084//1293 1106//1293
f  1106//1288 1084//1293 1085//1294
f  1106//1288 1085//1294 1086//411
f  1086//411 1087//411 1106//1288
f  1106//1288 1087//411 1088//1295
f  1106//1288 1088//1295 1089//411
f  1096//411 1097//411 1061//1288
f  1061//1288 1097//411 1098//411
f  1101//411 1102//411 1061//1288
f  1061//1296 1102//411 1103//1296
f  1061//1296 1103//1296 1104//411
f  1144//411 1107//411 1143//411
f  1145//411 1146//411 1107//411
f  1107//411 1146//411 1147//1297
f  1107//411 1147//1297 1126//1298
f  1114//1299 1068//1299 1069//1299
f  1069//1299 1070//411 1114//1299
f  1114//1300 1070//1300 1071//1300
f  1114//1301 1071//1301 1072//1301
f  1074//1302 1075//1302 1108//1302
f  1108//1292 1075//1303 1076//1303
f  1108//1292 1076//1303 1107//1289
f  1107//411 1076//1303 1077//411
f  1107//1304 1077//1304 1078//1304
f  1068//1305 1114//1301 1067//1305
f  1067//411 1114//1299 1115//1306
f  1067//1307 1115//1307 1116//1307
f  1089//411 1090//411 1106//1288
f  1106//1288 1090//411 1091//1308
f  1106//1288 1091//1308 1092//1309
f  1092//1309 1093//411 1106//1288
f  1106//1288 1093//411 1094//1310
f  1106//1288 1094//1310 1061//1296
f  1061//1296 1094//1310 1095//411
f  1061//1296 1095//411 1096//411
f  1098//411 1099//411 1061//1296
f  1061//1296 1099//411 1100//411
f  1061//1296 1100//411 1101//411
f  1109//1311 1110//1311 1074//1302
f  1074//1292 1110//1312 1111//1312
f  1074//1302 1111//1313 1112//1313
f  1116//411 1117//411 1067//411
f  1067//1305 1117//1314 1118//1314
f  1067//1307 1118//1315 1119//1315
f  1121//411 1122//1316 1067//1305
f  1067//411 1122//1317 1123//1317
f  1067//1307 1123//1318 1124//1318
f  1063//411 1064//411 1124//411
f  1129//411 1130//1319 1080//411
f  1080//411 1130//1319 1131//1320
f  1080//411 1131//1320 1132//1321
f  1132//1321 1133//411 1080//411
f  1080//411 1133//411 1134//1322
f  1080//411 1134//1322 1135//1323
f  1139//1324 1140//1324 1107//411
f  1072//411 1073//411 1114//1299
f  1114//1299 1073//411 1074//1325
f  1114//1300 1074//1302 1113//1326
f  1113//411 1074//1325 1112//1313
f  1064//411 1065//411 1124//411
f  1124//1318 1065//1327 1066//1327
f  1124//1328 1066//1328 1067//1305
f  1140//1324 1141//411 1107//411
f  1107//411 1141//411 1142//1329
f  1107//411 1142//1329 1143//411
f  1125//1288 1061//1296 1124//411
f  1124//1330 1061//1330 1062//1330
f  1124//411 1062//1331 1063//411
f  1135//1323 1136//411 1080//411
f  1080//411 1136//411 1137//411
f  1080//411 1137//411 1107//411
f  1107//411 1137//411 1138//411
f  1107//411 1138//411 1139//1324

